pid,has_section_heading,line_kinds,first_hit_page,label_font,label_size_pt,label_y_frac,label_x_frac,snippet
n5035,no,,,,,,,no_word_abstract_in_first_3_pages_text
n5036,no,,,,,,,no_word_abstract_in_first_3_pages_text
n5037,no,,,,,,,no_word_abstract_in_first_3_pages_text
n5038,no,,,,,,,no_word_abstract_in_first_3_pages_text
n5040,no,,,,,,,no_word_abstract_in_first_3_pages_text
n5043,no,,,,,,,no_word_abstract_in_first_3_pages_text
p0876r22,yes,"inline_with_text,standalone_label",0,NimbusSanL-Bold,11.955,0.724,0.1,abstract . . . . . . . . . . . . . . . . . . . . . . . . . .
p1000r7,no,,,,,,,no_word_abstract_in_first_3_pages_text
p1000r8,no,,,,,,,no_word_abstract_in_first_3_pages_text
p2000r5,yes,short_line_mentions_abstract,1,Calibri-Bold,11.0,0.0976,0.1176,1 Abstract​
p2034r6,no,,,,,,,no_word_abstract_in_first_3_pages_text
p2583r0,yes,standalone_label,0,Type3 (10 0 R),9.195,0.4093,0.121,Abstract
p2583r1,yes,standalone_label,0,Type3 (10 0 R),9.195,0.4093,0.121,Abstract
p2583r2,yes,standalone_label,0,Type3 (10 0 R),9.195,0.4093,0.121,Abstract
p2583r3,yes,standalone_label,0,Body,9.0,0.3443,0.1154,Abstract
p3039r1,no,,,,,,,no_word_abstract_in_first_3_pages_text
p3181r1,yes,standalone_label,0,ArialMT,14.0,0.3501,0.1176,Abstract 
p3373r2,yes,standalone_label,0,ArialMT,20.0,0.2425,0.1176,Abstract 
p3373r3,yes,standalone_label,0,ArialMT,20.0,0.2425,0.1176,Abstract 
p3373r4,yes,standalone_label,0,ArialMT,20.0,0.2425,0.1176,Abstract 
p3427r3,no,,,,,,,no_word_abstract_in_first_3_pages_text
p3596r0,yes,standalone_label,0,LMRoman10-Bold,9.963,0.3275,0.4644,Abstract
p3596r1,yes,standalone_label,0,LMRoman10-Bold,9.963,0.3275,0.4644,Abstract
p3598r0,yes,standalone_label,0,LMRoman10-Bold,9.963,0.2804,0.4644,Abstract
p3605r1,yes,numbered_heading,0,TimesNewRomanPSMT,9.091,0.2591,0.11,1. Abstract
p3625r1,yes,standalone_label,0,HelveticaNeue-Bold,18.0,0.2586,0.0952,Abstract 
p3692r4,yes,"inline_with_text,short_line_mentions_abstract,standalone_label",0,LinLibertineTB,11.955,0.2334,0.0882,Abstract
p3725r2,no,,,,,,,no_word_abstract_in_first_3_pages_text
p3725r3,no,,,,,,,no_word_abstract_in_first_3_pages_text
p3786r2,yes,standalone_label,0,HelveticaNeue-Bold,18.0,0.2611,0.0952,Abstract 
p3828r1,no,,,,,,,no_word_abstract_in_first_3_pages_text
p3839r0,no,,,,,,,no_word_abstract_in_first_3_pages_text
p3842r2,yes,standalone_label,0,NotoSerif-Bold,18.0,0.3295,0.0705,Abstract
p3844r3,yes,standalone_label,0,TeXGyreAdventor-Regular,11.645,0.2902,0.777,ABSTRACT
p3844r4,yes,standalone_label,0,TeXGyreAdventor-Regular,11.645,0.3585,0.777,ABSTRACT
p3846r1,yes,standalone_label,0,LMRoman10-Bold,9.963,0.6756,0.4644,Abstract
p3856r4,no,,,,,,,no_word_abstract_in_first_3_pages_text
p3856r5,no,,,,,,,no_word_abstract_in_first_3_pages_text
p3856r6,no,,,,,,,no_word_abstract_in_first_3_pages_text
p3856r7,no,,,,,,,no_word_abstract_in_first_3_pages_text
p3856r8,no,,,,,,,no_word_abstract_in_first_3_pages_text
p3865r1,yes,standalone_label,0,Times-Italic,18.0,0.2754,0.1191,Abstract
p3865r2,yes,standalone_label,0,Times-Italic,18.0,0.2754,0.1191,Abstract
p3865r3,yes,standalone_label,0,Times-Italic,18.0,0.2754,0.1191,Abstract
p3874r1,yes,standalone_label,0,ArialMT,20.0,0.3628,0.1176,Abstract 
p3932r0,yes,standalone_label,0,TeXGyreAdventor-Regular,11.645,0.3882,0.777,ABSTRACT
p3936r1,yes,standalone_label,0,NotoSans-Bold,14.346,0.2892,0.1168,Abstract
p3948r1,yes,standalone_label,0,TeXGyreAdventor-Regular,11.645,0.3902,0.777,ABSTRACT
p3950r0,yes,standalone_label,0,ArialMT,20.0,0.288,0.1176,Abstract 
p3952r0,no,,,,,,,no_word_abstract_in_first_3_pages_text
p3955r0,yes,standalone_label,0,ArialMT,20.0,0.2425,0.1176,Abstract 
p3962r0,no,,,,,,,no_word_abstract_in_first_3_pages_text
p3967r0,no,,,,,,,no_word_abstract_in_first_3_pages_text
p3968r0,no,,,,,,,no_word_abstract_in_first_3_pages_text
p3970r0,no,,,,,,,no_word_abstract_in_first_3_pages_text
p3977r0,yes,standalone_label,0,CMBX9,8.966,0.1646,0.4702,Abstract
p3978r0,yes,standalone_label,0,TeXGyreAdventor-Regular,11.645,0.4584,0.777,ABSTRACT
p3978r1,yes,standalone_label,0,TeXGyreAdventor-Regular,11.645,0.4086,0.777,ABSTRACT
p3978r2,yes,standalone_label,0,TeXGyreAdventor-Regular,11.645,0.3899,0.777,ABSTRACT
p3978r3,yes,standalone_label,0,TeXGyreAdventor-Regular,11.645,0.3806,0.777,ABSTRACT
p3984r0,yes,"short_line_mentions_abstract,standalone_label",0,TimesNewRomanPSMT,20.04,0.2962,0.1177,Abstract 
p3986r0,yes,standalone_label,0,ArialMT,20.0,0.288,0.1176,Abstract 
p3986r1,yes,standalone_label,0,ArialMT,20.0,0.288,0.1176,Abstract 
p4003r0,yes,standalone_label,0,Type3 (10 0 R),9.195,0.4262,0.121,Abstract
p4003r1,yes,standalone_label,0,Type3 (10 0 R),9.195,0.4262,0.121,Abstract
p4003r2,yes,standalone_label,0,Body,9.0,0.3586,0.1154,Abstract
p4004r0,yes,standalone_label,0,Times-Italic,18.0,0.2754,0.1191,Abstract
p4004r1,yes,standalone_label,0,Times-Italic,18.0,0.2754,0.1191,Abstract
p4007r0,yes,standalone_label,0,Type3 (10 0 R),8.097,0.3685,0.118,Abstract
p4007r1,yes,standalone_label,0,Type3 (11 0 R),9.195,0.4093,0.121,Abstract
p4007r2,yes,standalone_label,0,Body,9.0,0.3443,0.1154,Abstract
p4008r0,yes,short_line_mentions_abstract,2,SegoeUIEmoji,12.0,0.578,0.1512,"bit ops, zero-cost abstractions)."
p4011r0,yes,standalone_label,0,TeXGyreAdventor-Regular,11.645,0.487,0.777,ABSTRACT
p4012r0,yes,standalone_label,0,TeXGyreAdventor-Regular,11.645,0.3729,0.777,ABSTRACT
p4012r1,yes,standalone_label,0,TeXGyreAdventor-Regular,11.645,0.31,0.777,ABSTRACT
p4014r0,yes,standalone_label,0,Type3 (10 0 R),8.838,0.396,0.12,Abstract
p4014r1,yes,standalone_label,0,Body,9.0,0.3443,0.1154,Abstract
p4015r0,yes,standalone_label,0,LMRoman9-Bold,8.966,0.3071,0.4668,Abstract
p4016r0,yes,"short_line_mentions_abstract,standalone_label",0,DejaVuSerif,7.495,0.2532,0.125,Abstract
p4019r0,no,,,,,,,no_word_abstract_in_first_3_pages_text
p4019r1,no,,,,,,,no_word_abstract_in_first_3_pages_text
p4021r0,yes,standalone_label,0,Arial-BoldMT,12.0,0.1662,0.1192,Abstract
p4021r1,yes,standalone_label,0,Arial-BoldMT,12.0,0.2017,0.1192,Abstract
p4021r2,yes,standalone_label,0,Arial-BoldMT,12.0,0.3875,0.1192,Abstract
p4023r0,no,,,,,,,no_word_abstract_in_first_3_pages_text
p4024r0,no,,,,,,,no_word_abstract_in_first_3_pages_text
p4025r0,no,,,,,,,no_word_abstract_in_first_3_pages_text
p4025r1,no,,,,,,,no_word_abstract_in_first_3_pages_text
p4026r0,no,,,,,,,no_word_abstract_in_first_3_pages_text
p4029r0,yes,inline_with_text,0,Arial-BoldMT,11.0,0.2664,0.1176,Abstract: This document outlines the strategic priorities fo
p4029r1,yes,"short_line_mentions_abstract,standalone_label",0,Arial-BoldMT,17.0,0.6605,0.1176,Abstract 
p4035r0,yes,standalone_label,0,Body,9.0,0.3443,0.1154,Abstract
p4042r0,yes,standalone_label,0,TeXGyreAdventor-Regular,11.645,0.5671,0.777,ABSTRACT
p4088r0,yes,"short_line_mentions_abstract,standalone_label",0,Body,9.0,0.3443,0.1154,Abstract
p4089r0,yes,standalone_label,0,Body,9.0,0.3443,0.1154,Abstract
p4090r0,yes,standalone_label,0,Body,9.0,0.3586,0.1154,Abstract
p4091r0,yes,"short_line_mentions_abstract,standalone_label",0,Body,9.0,0.3443,0.1154,Abstract
p4092r0,yes,"short_line_mentions_abstract,standalone_label",0,Body,9.0,0.3586,0.1154,Abstract
p4093r0,yes,"short_line_mentions_abstract,standalone_label",0,Body,9.0,0.3586,0.1154,Abstract
p4094r0,yes,"short_line_mentions_abstract,standalone_label",0,Body,9.0,0.3443,0.1154,Abstract
p4095r0,yes,"short_line_mentions_abstract,standalone_label",0,Body,9.0,0.3443,0.1154,Abstract
p4096r0,yes,standalone_label,0,Body,9.0,0.3443,0.1154,Abstract
p4097r0,yes,standalone_label,0,Body,9.0,0.3443,0.1154,Abstract
p4098r0,yes,standalone_label,0,Body,9.0,0.3443,0.1154,Abstract
p4099r0,yes,standalone_label,0,Body,9.0,0.3443,0.1154,Abstract
p4100r0,yes,"inline_with_text,short_line_mentions_abstract,standalone_label",0,Body,9.0,0.4014,0.1154,Abstract
p4125r0,yes,standalone_label,0,Body,9.0,0.3443,0.1154,Abstract
p4126r0,yes,standalone_label,0,Body,9.0,0.3586,0.1154,Abstract
p4135r0,no,,,,,,,no_word_abstract_in_first_3_pages_text
p4136r0,yes,standalone_label,0,NotoSans-Bold,14.346,0.2735,0.1168,Abstract
p4136r1,yes,standalone_label,0,NotoSans-Bold,14.346,0.3851,0.1168,Abstract
p4137r0,yes,"short_line_mentions_abstract,standalone_label",0,Body,9.0,0.3301,0.1154,Abstract
p4142r0,no,,,,,,,no_word_abstract_in_first_3_pages_text
p4148r0,yes,"short_line_mentions_abstract,standalone_label",0,LMRoman12-Bold,11.955,0.4023,0.2186,Abstract
p4151r0,yes,standalone_label,0,ArialMT,20.0,0.2425,0.1176,Abstract 
p4151r1,yes,standalone_label,0,ArialMT,20.0,0.2425,0.1176,Abstract 
p4158r0,no,,,,,,,no_word_abstract_in_first_3_pages_text
p4161r0,yes,standalone_label,0,LMRoman10-Bold,9.963,0.3765,0.1284,Abstract
p4172r0,yes,standalone_label,0,Body,9.0,0.3586,0.1154,Abstract
p4174r0,yes,standalone_label,0,Arial-BoldMT,18.0,0.2042,0.1208,Abstract 
p4182r0,yes,standalone_label,0,Body,9.0,0.3301,0.1154,Abstract
p4188r0,yes,standalone_label,0,LMRoman9-Bold,8.966,0.3048,0.4668,Abstract
p4191r0,yes,standalone_label,0,ArialMT,20.0,0.2425,0.1176,Abstract 
p5000r0,yes,numbered_heading,0,Calibri-Bold,18.0,0.4483,0.1176,1. Abstract 
