pid,page,line_kind,full_line_preview,span_text,font,size,flags,bold_name,italic_name,x0_frac,y0_frac,x1_frac,y1_frac,page_w,page_h
p0876r22,0,inline_with_text,abstract . . . . . . . . . . . . . . . . . . . . . . . . . . . . . . . . . . . . . . . . . . . . . . . . . . . . . . . .,abstract,URWPalladioL-Roma,8.966,4,False,False,0.1,0.206,0.1522,0.2167,595.28,841.89
p0876r22,0,standalone_label,abstract,abstract,NimbusSanL-Bold,11.955,20,True,False,0.1,0.724,0.1781,0.7382,595.28,841.89
p2000r5,1,short_line_mentions_abstract,1 Abstract​,1 Abstract,Calibri-Bold,11.0,16,True,False,0.1176,0.0976,0.193,0.1115,612.0,792.0
p2000r5,1,short_line_mentions_abstract,1 Abstract ,1 Abstract ,Calibri,18.0,0,False,False,0.1532,0.5767,0.2808,0.5995,612.0,792.0
p2000r5,4,short_line_mentions_abstract,●​ C++ is a language for defining and using light-weight abstractions ,C++ is a language for defining and using light-weight abstractions ,Calibri,11.0,0,False,False,0.1765,0.4423,0.6517,0.4562,612.0,792.0
p2583r0,0,standalone_label,Abstract,Abstract,Type3 (10 0 R),9.195,0,False,False,0.121,0.4093,0.1769,0.4202,594.96,841.92
p2583r0,1,standalone_label,Abstract,Abstract,Type3 (38 0 R),12.997,0,False,False,0.0958,0.2712,0.1742,0.2867,594.96,841.92
p2583r1,0,standalone_label,Abstract,Abstract,Type3 (10 0 R),9.195,0,False,False,0.121,0.4093,0.1769,0.4202,594.96,841.92
p2583r1,1,standalone_label,Abstract,Abstract,Type3 (38 0 R),12.997,0,False,False,0.0958,0.7692,0.1743,0.7846,594.96,841.92
p2583r2,0,standalone_label,Abstract,Abstract,Type3 (10 0 R),9.195,0,False,False,0.121,0.4093,0.1769,0.4202,594.96,841.92
p2583r2,1,standalone_label,Abstract,Abstract,Type3 (38 0 R),12.997,0,False,False,0.0958,0.8191,0.1743,0.8345,594.96,841.92
p2583r3,0,standalone_label,Abstract,Abstract,Body,9.0,4,False,False,0.1154,0.3443,0.1632,0.3589,595.28,841.89
p2583r3,2,standalone_label,Abstract,Abstract,Body-Bold,13.0,20,True,False,0.0952,0.0663,0.1679,0.0873,595.28,841.89
p3181r1,0,standalone_label,Abstract ,Abstract ,ArialMT,14.0,0,False,False,0.1176,0.3501,0.2079,0.3698,612.0,792.0
p3373r2,0,standalone_label,Abstract ,Abstract,ArialMT,20.0,0,False,False,0.1176,0.2425,0.2375,0.2708,612.0,792.0
p3373r3,0,standalone_label,Abstract ,Abstract,ArialMT,20.0,0,False,False,0.1176,0.2425,0.2375,0.2708,612.0,792.0
p3373r4,0,standalone_label,Abstract ,Abstract,ArialMT,20.0,0,False,False,0.1176,0.2425,0.2375,0.2708,612.0,792.0
p3596r0,0,standalone_label,Abstract,Abstract,LMRoman10-Bold,9.963,20,True,False,0.4644,0.3275,0.5361,0.3401,612.0,792.0
p3596r1,0,standalone_label,Abstract,Abstract,LMRoman10-Bold,9.963,20,True,False,0.4644,0.3275,0.5361,0.3401,612.0,792.0
p3598r0,0,standalone_label,Abstract,Abstract,LMRoman10-Bold,9.963,20,True,False,0.4644,0.2804,0.5361,0.293,612.0,792.0
p3605r1,0,numbered_heading,1. Abstract,Abstract,TimesNewRomanPSMT,9.091,4,False,False,0.11,0.2591,0.1617,0.271,594.96,841.92
p3605r1,0,numbered_heading,1. Abstract,1. Abstract,TimesNewRomanPS-BoldMT,13.636,20,True,False,0.0718,0.7807,0.1787,0.7986,594.96,841.92
p3625r1,0,standalone_label,Abstract ,Abstract ,HelveticaNeue-Bold,18.0,20,True,False,0.0952,0.2586,0.2268,0.2841,595.28,841.89
p3692r4,0,standalone_label,Abstract,Abstract,LinLibertineTB,11.955,20,False,False,0.0882,0.2334,0.1628,0.2485,612.0,792.0
p3692r4,2,short_line_mentions_abstract,"the C++ abstract machine to hardware executions, which","the C++ abstract machine to hardware executions, which",LinLibertineT,10.062,4,False,False,0.0882,0.3959,0.4805,0.4086,612.0,792.0
p3692r4,2,short_line_mentions_abstract,pure unaugmented C++ abstractions has resulted in (at best),pure unaugmented C++ abstractions has resulted in (at best),LinLibertineT,9.862,4,False,False,0.0882,0.4564,0.4814,0.4689,612.0,792.0
p3692r4,2,short_line_mentions_abstract,ally descend from the high clouds of our abstractions to the,ally descend from the high clouds of our abstractions to the,LinLibertineT,9.918,4,False,False,0.0882,0.5469,0.4805,0.5595,612.0,792.0
p3692r4,4,short_line_mentions_abstract,viewpoints of an abstract machine and the computer hard-,viewpoints of an abstract machine and the computer hard-,LinLibertineT,10.042,4,False,False,0.5191,0.356,0.9145,0.3687,612.0,792.0
p3692r4,4,inline_with_text,Abstract Executions,Abstract Executions,LinLibertineTB,9.963,20,False,False,0.5565,0.3989,0.704,0.4115,612.0,792.0
p3692r4,4,short_line_mentions_abstract,terms of “a parameterized nondeterministic abstract ma-,abstract,LinLibertineT,10.062,4,False,False,0.8284,0.4329,0.882,0.4456,612.0,792.0
p3692r4,4,short_line_mentions_abstract,chine” in 4.1.2p1 ([intro.abstract]). This description spec-,[intro.abstract],Inconsolatazi4-Regular,9.963,4,False,False,0.6319,0.4475,0.7621,0.4601,612.0,792.0
p3692r4,4,short_line_mentions_abstract,ifies how the abstract machine carries out the operations of,ifies how the abstract machine carries out the operations of,LinLibertineT,9.933,4,False,False,0.5195,0.4632,0.9118,0.4757,612.0,792.0
p3692r4,4,short_line_mentions_abstract,• Some of the abstract machine’s characteristics are im-,Some of the abstract machine’s characteristics are im-,LinLibertineT,9.873,4,False,False,0.5627,0.4976,0.9145,0.51,612.0,792.0
p3692r4,4,short_line_mentions_abstract,The abstract executions we use will be fully specified. This,The abstract executions we use will be fully specified. This,LinLibertineT,9.862,4,False,False,0.5358,0.8338,0.9118,0.8462,612.0,792.0
p3786r2,0,standalone_label,Abstract ,Abstract ,HelveticaNeue-Bold,18.0,20,True,False,0.0952,0.2611,0.2268,0.2866,595.28,841.89
p3842r2,0,standalone_label,Abstract,Abstract,NotoSerif-Bold,18.0,20,True,False,0.0705,0.3295,0.201,0.3586,596.0,842.0
p3844r3,0,standalone_label,ABSTRACT,ABSTRACT,TeXGyreAdventor-Regular,11.645,4,False,False,0.777,0.2902,0.8762,0.3041,595.28,841.89
p3844r4,0,standalone_label,ABSTRACT,ABSTRACT,TeXGyreAdventor-Regular,11.645,4,False,False,0.777,0.3585,0.8762,0.3723,595.28,841.89
p3846r1,0,standalone_label,Abstract,Abstract,LMRoman10-Bold,9.963,20,True,False,0.4644,0.6756,0.5361,0.6882,612.0,792.0
p3865r1,0,standalone_label,Abstract,Abstract,Times-Italic,18.0,6,False,True,0.1191,0.2754,0.2212,0.2968,595.0,842.0
p3865r2,0,standalone_label,Abstract,Abstract,Times-Italic,18.0,6,False,True,0.1191,0.2754,0.2212,0.2968,595.0,842.0
p3865r3,0,standalone_label,Abstract,Abstract,Times-Italic,18.0,6,False,True,0.1191,0.2754,0.2212,0.2968,595.0,842.0
p3874r1,0,standalone_label,Abstract ,Abstract ,ArialMT,20.0,0,False,False,0.1176,0.3628,0.2466,0.3911,612.0,792.0
p3932r0,0,standalone_label,ABSTRACT,ABSTRACT,TeXGyreAdventor-Regular,11.645,4,False,False,0.777,0.3882,0.8762,0.402,595.28,841.89
p3936r1,0,standalone_label,Abstract,Abstract,NotoSans-Bold,14.346,16,True,False,0.1168,0.2892,0.2165,0.3073,612.0,792.0
p3948r1,0,standalone_label,ABSTRACT,ABSTRACT,TeXGyreAdventor-Regular,11.645,4,False,False,0.777,0.3902,0.8762,0.404,595.28,841.89
p3950r0,0,standalone_label,Abstract ,Abstract ,ArialMT,20.0,0,False,False,0.1176,0.288,0.2466,0.3162,612.0,792.0
p3955r0,0,standalone_label,Abstract ,Abstract ,ArialMT,20.0,0,False,False,0.1176,0.2425,0.2466,0.2708,612.0,792.0
p3977r0,0,standalone_label,Abstract,Abstract,CMBX9,8.966,20,False,False,0.4702,0.1646,0.5365,0.1759,612.0,792.0
p3978r0,0,standalone_label,ABSTRACT,ABSTRACT,TeXGyreAdventor-Regular,11.645,4,False,False,0.777,0.4584,0.8762,0.4723,595.28,841.89
p3978r1,0,standalone_label,ABSTRACT,ABSTRACT,TeXGyreAdventor-Regular,11.645,4,False,False,0.777,0.4086,0.8762,0.4225,595.28,841.89
p3978r2,0,standalone_label,ABSTRACT,ABSTRACT,TeXGyreAdventor-Regular,11.645,4,False,False,0.777,0.3899,0.8762,0.4038,595.28,841.89
p3978r3,0,standalone_label,ABSTRACT,ABSTRACT,TeXGyreAdventor-Regular,11.645,4,False,False,0.777,0.3806,0.8762,0.3944,595.28,841.89
p3984r0,0,standalone_label,Abstract ,Abstract ,TimesNewRomanPSMT,20.04,4,False,False,0.1177,0.2962,0.2367,0.3242,612.0,792.0
p3984r0,1,short_line_mentions_abstract,the abstractions).  ,the abstractions).  ,TimesNewRomanPSMT,12.0,4,False,False,0.1765,0.828,0.3202,0.8448,612.0,792.0
p3986r0,0,standalone_label,Abstract ,Abstract ,ArialMT,20.0,0,False,False,0.1176,0.288,0.2466,0.3162,612.0,792.0
p3986r1,0,standalone_label,Abstract ,Abstract ,ArialMT,20.0,0,False,False,0.1176,0.288,0.2466,0.3162,612.0,792.0
p4003r0,0,standalone_label,Abstract,Abstract,Type3 (10 0 R),9.195,0,False,False,0.121,0.4262,0.1769,0.4371,594.96,841.92
p4003r0,2,standalone_label,Abstract,Abstract,Type3 (75 0 R),12.997,0,False,False,0.0958,0.2214,0.1742,0.2368,594.96,841.92
p4003r1,0,standalone_label,Abstract,Abstract,Type3 (10 0 R),9.195,0,False,False,0.121,0.4262,0.1769,0.4371,594.96,841.92
p4003r1,2,standalone_label,Abstract,Abstract,Type3 (75 0 R),12.997,0,False,False,0.0958,0.4948,0.1743,0.5103,594.96,841.92
p4003r2,0,standalone_label,Abstract,Abstract,Body,9.0,4,False,False,0.1154,0.3586,0.1632,0.3732,595.28,841.89
p4003r2,1,standalone_label,Abstract,Abstract,Body-Bold,13.0,20,True,False,0.0952,0.0663,0.1679,0.0873,595.28,841.89
p4004r0,0,standalone_label,Abstract,Abstract,Times-Italic,18.0,6,False,True,0.1191,0.2754,0.2212,0.2968,595.0,842.0
p4004r1,0,standalone_label,Abstract,Abstract,Times-Italic,18.0,6,False,True,0.1191,0.2754,0.2212,0.2968,595.0,842.0
p4007r0,0,standalone_label,Abstract,Abstract,Type3 (10 0 R),8.097,0,False,False,0.118,0.3685,0.1672,0.3781,594.96,841.92
p4007r0,2,standalone_label,Abstract,Abstract,Type3 (82 0 R),11.445,0,False,False,0.0958,0.0704,0.1649,0.084,594.96,841.92
p4007r1,0,standalone_label,Abstract,Abstract,Type3 (11 0 R),9.195,0,False,False,0.121,0.4093,0.1769,0.4202,594.96,841.92
p4007r1,0,standalone_label,Abstract,Abstract,Type3 (12 0 R),12.997,0,False,False,0.0958,0.7336,0.1743,0.749,594.96,841.92
p4007r2,0,standalone_label,Abstract,Abstract,Body,9.0,4,False,False,0.1154,0.3443,0.1632,0.3589,595.28,841.89
p4007r2,0,standalone_label,Abstract,Abstract,Body-Bold,13.0,20,True,False,0.0952,0.6354,0.1679,0.6564,595.28,841.89
p4008r0,2,short_line_mentions_abstract,"bit ops, zero-cost abstractions).","bit ops, zero-cost abstractions).",SegoeUIEmoji,12.0,4,False,False,0.1512,0.578,0.4285,0.5952,595.3,841.9
p4011r0,0,standalone_label,ABSTRACT,ABSTRACT,TeXGyreAdventor-Regular,11.645,4,False,False,0.777,0.487,0.8762,0.5008,595.28,841.89
p4012r0,0,standalone_label,ABSTRACT,ABSTRACT,TeXGyreAdventor-Regular,11.645,4,False,False,0.777,0.3729,0.8762,0.3867,595.28,841.89
p4012r1,0,standalone_label,ABSTRACT,ABSTRACT,TeXGyreAdventor-Regular,11.645,4,False,False,0.777,0.31,0.8762,0.3238,595.28,841.89
p4014r0,0,standalone_label,Abstract,Abstract,Type3 (10 0 R),8.838,0,False,False,0.12,0.396,0.1738,0.4065,594.96,841.92
p4014r0,1,standalone_label,Abstract,Abstract,Type3 (39 0 R),12.494,0,False,False,0.0958,0.4064,0.1712,0.4212,594.96,841.92
p4014r1,0,standalone_label,Abstract,Abstract,Body,9.0,4,False,False,0.1154,0.3443,0.1632,0.3589,595.28,841.89
p4014r1,2,standalone_label,Abstract,Abstract,Body-Bold,13.0,20,True,False,0.0952,0.1963,0.1679,0.2173,595.28,841.89
p4015r0,0,standalone_label,Abstract,Abstract,LMRoman9-Bold,8.966,20,True,False,0.4668,0.3071,0.5332,0.3234,612.0,792.0
p4016r0,0,standalone_label,Abstract,Abstract,DejaVuSerif,7.495,4,False,False,0.125,0.2532,0.1792,0.2636,595.0,842.0
p4016r0,0,short_line_mentions_abstract,Poll 2 — Approve the semantic framework (ﬁxed abstract expression),Poll 2 — Approve the semantic framework (ﬁxed abstract expression),DejaVuSerif,7.495,4,False,False,0.1409,0.2943,0.5843,0.3046,595.0,842.0
p4016r0,3,standalone_label,Abstract,Abstract,DejaVuSans-Bold,10.377,20,True,False,0.0958,0.0871,0.1795,0.1014,595.0,842.0
p4016r0,3,short_line_mentions_abstract,Poll 2 — Approve the semantic framework (ﬁxed abstract expression),Poll 2 — Approve the semantic framework (ﬁxed abstract expression),DejaVuSans-Bold,8.648,20,True,False,0.0958,0.8675,0.6661,0.8794,595.0,842.0
p4021r0,0,standalone_label,Abstract,Abstract,Arial-BoldMT,12.0,20,True,False,0.1192,0.1662,0.2009,0.1821,595.3,841.89
p4021r1,0,standalone_label,Abstract,Abstract,Arial-BoldMT,12.0,20,True,False,0.1192,0.2017,0.2009,0.2176,595.3,841.89
p4021r2,0,standalone_label,Abstract,Abstract,Arial-BoldMT,12.0,20,True,False,0.1192,0.3875,0.2009,0.4034,595.3,841.89
p4029r0,0,inline_with_text,"Abstract: This document outlines the strategic priorities for SG14 (Low Latency, Games, ",Abstract:,Arial-BoldMT,11.0,16,True,False,0.1176,0.2664,0.1965,0.282,612.0,792.0
p4029r1,0,standalone_label,Abstract ,Abstract ,Arial-BoldMT,17.0,16,True,False,0.1176,0.6605,0.238,0.6845,612.0,792.0
p4029r1,1,short_line_mentions_abstract,path from initiation to completion without opaque abstraction boundaries. ,path from initiation to completion without opaque abstraction boundaries. ,ArialMT,11.0,0,False,False,0.1176,0.7111,0.6997,0.7266,612.0,792.0
p4035r0,0,standalone_label,Abstract,Abstract,Body,9.0,4,False,False,0.1154,0.3443,0.1632,0.3589,595.28,841.89
p4035r0,0,standalone_label,Abstract,Abstract,Body-Bold,13.0,20,True,False,0.0952,0.6749,0.1679,0.696,595.28,841.89
p4042r0,0,standalone_label,ABSTRACT,ABSTRACT,TeXGyreAdventor-Regular,11.645,4,False,False,0.777,0.5671,0.8762,0.581,595.28,841.89
p4088r0,0,standalone_label,Abstract,Abstract,Body,9.0,4,False,False,0.1154,0.3443,0.1632,0.3589,595.28,841.89
p4088r0,0,short_line_mentions_abstract,"7.6 Both Modes, One Abstraction","7.6 Both Modes, One Abstraction",Body,9.0,4,False,False,0.1456,0.7992,0.337,0.8138,595.28,841.89
p4088r0,1,standalone_label,Abstract,Abstract,Body-Bold,13.0,20,True,False,0.0952,0.2161,0.1679,0.2371,595.28,841.89
p4089r0,0,standalone_label,Abstract,Abstract,Body,9.0,4,False,False,0.1154,0.3443,0.1632,0.3589,595.28,841.89
p4089r0,1,standalone_label,Abstract,Abstract,Body-Bold,13.0,20,True,False,0.0952,0.0663,0.1679,0.0873,595.28,841.89
p4090r0,0,standalone_label,Abstract,Abstract,Body,9.0,4,False,False,0.1154,0.3586,0.1632,0.3732,595.28,841.89
p4090r0,1,standalone_label,Abstract,Abstract,Body-Bold,13.0,20,True,False,0.0952,0.3545,0.1679,0.3755,595.28,841.89
p4091r0,0,standalone_label,Abstract,Abstract,Body,9.0,4,False,False,0.1154,0.3443,0.1632,0.3589,595.28,841.89
p4091r0,0,short_line_mentions_abstract,10. The Abstraction Floor,10. The Abstraction Floor,Body,9.0,4,False,False,0.1154,0.7003,0.2599,0.7149,595.28,841.89
p4091r0,1,standalone_label,Abstract,Abstract,Body-Bold,13.0,20,True,False,0.0952,0.1765,0.1679,0.1975,595.28,841.89
p4091r0,1,short_line_mentions_abstract,Added the abstraction floor as a symmetric concept: both paradigms have one.,Added the abstraction floor as a symmetric concept: both paradigms have one.,Body,10.0,4,False,False,0.1288,0.8046,0.6369,0.8208,595.28,841.89
p4092r0,0,standalone_label,Abstract,Abstract,Body,9.0,4,False,False,0.1154,0.3586,0.1632,0.3732,595.28,841.89
p4092r0,0,short_line_mentions_abstract,6. The Narrowest Abstraction,6. The Narrowest Abstraction,Body,9.0,4,False,False,0.1154,0.5168,0.2841,0.5314,595.28,841.89
p4092r0,0,standalone_label,Abstract,Abstract,Body-Bold,13.0,20,True,False,0.0952,0.6496,0.1679,0.6707,595.28,841.89
p4092r0,3,short_line_mentions_abstract,6. The Narrowest Abstraction,6. The Narrowest Abstraction,Body-Bold,13.0,20,True,False,0.0952,0.7316,0.349,0.7527,595.28,841.89
p4093r0,0,standalone_label,Abstract,Abstract,Body,9.0,4,False,False,0.1154,0.3586,0.1632,0.3732,595.28,841.89
p4093r0,0,short_line_mentions_abstract,4. The Abstraction Floor,4. The Abstraction Floor,Body,9.0,4,False,False,0.1154,0.4773,0.2527,0.4918,595.28,841.89
p4093r0,0,standalone_label,Abstract,Abstract,Body-Bold,13.0,20,True,False,0.0952,0.709,0.1679,0.73,595.28,841.89
p4093r0,2,short_line_mentions_abstract,4. The Abstraction Floor,4. The Abstraction Floor,Body-Bold,13.0,20,True,False,0.0952,0.5353,0.3015,0.5563,595.28,841.89
p4094r0,0,standalone_label,Abstract,Abstract,Body,9.0,4,False,False,0.1154,0.3443,0.1632,0.3589,595.28,841.89
p4094r0,1,standalone_label,Abstract,Abstract,Body-Bold,13.0,20,True,False,0.0952,0.3743,0.1679,0.3953,595.28,841.89
p4094r0,3,short_line_mentions_abstract,"standardisation of that single, or more precisely, unified abstraction.""","standardisation of that single, or more precisely, unified abstraction.""",Body-Italic,10.0,6,False,True,0.1204,0.3944,0.597,0.4106,595.28,841.89
p4095r0,0,standalone_label,Abstract,Abstract,Body,9.0,4,False,False,0.1154,0.3443,0.1632,0.3589,595.28,841.89
p4095r0,1,standalone_label,Abstract,Abstract,Body-Bold,13.0,20,True,False,0.0952,0.1084,0.1679,0.1295,595.28,841.89
p4095r0,3,short_line_mentions_abstract,schedule - which returns a Sender - is the more foundational abstraction., - which returns a Sender - is the more foundational abstraction.,Body,10.0,4,False,False,0.1503,0.4477,0.5631,0.4639,595.28,841.89
p4096r0,0,standalone_label,Abstract,Abstract,Body,9.0,4,False,False,0.1154,0.3443,0.1632,0.3589,595.28,841.89
p4096r0,0,standalone_label,Abstract,Abstract,Body-Bold,13.0,20,True,False,0.0952,0.7343,0.1679,0.7553,595.28,841.89
p4097r0,0,standalone_label,Abstract,Abstract,Body,9.0,4,False,False,0.1154,0.3443,0.1632,0.3589,595.28,841.89
p4097r0,0,standalone_label,Abstract,Abstract,Body-Bold,13.0,20,True,False,0.0952,0.7936,0.1679,0.8146,595.28,841.89
p4098r0,0,standalone_label,Abstract,Abstract,Body,9.0,4,False,False,0.1154,0.3443,0.1632,0.3589,595.28,841.89
p4098r0,0,standalone_label,Abstract,Abstract,Body-Bold,13.0,20,True,False,0.0952,0.6947,0.1679,0.7158,595.28,841.89
p4099r0,0,standalone_label,Abstract,Abstract,Body,9.0,4,False,False,0.1154,0.3443,0.1632,0.3589,595.28,841.89
p4099r0,0,standalone_label,Abstract,Abstract,Body-Bold,13.0,20,True,False,0.0952,0.6156,0.1679,0.6366,595.28,841.89
p4100r0,0,standalone_label,Abstract,Abstract,Body,9.0,4,False,False,0.1154,0.4014,0.1632,0.4159,595.28,841.89
p4100r0,0,short_line_mentions_abstract,7.1 Stage One: Pure C++ Abstractions,7.1 Stage One: Pure C++ Abstractions,Body,9.0,4,False,False,0.1456,0.8364,0.3607,0.851,595.28,841.89
p4100r0,1,standalone_label,Abstract,Abstract,Body-Bold,13.0,20,True,False,0.0952,0.6116,0.1679,0.6326,595.28,841.89
p4100r0,2,inline_with_text,"Abstract layer: execution model, buffer concepts, stream","Abstract layer: execution model, buffer concepts, stream",Body,10.0,4,False,False,0.1981,0.6724,0.5623,0.6886,595.28,841.89
p4125r0,0,standalone_label,Abstract,Abstract,Body,9.0,4,False,False,0.1154,0.3443,0.1632,0.3589,595.28,841.89
p4125r0,0,standalone_label,Abstract,Abstract,Body-Bold,13.0,20,True,False,0.0952,0.8134,0.1679,0.8344,595.28,841.89
p4126r0,0,standalone_label,Abstract,Abstract,Body,9.0,4,False,False,0.1154,0.3586,0.1632,0.3732,595.28,841.89
p4126r0,1,standalone_label,Abstract,Abstract,Body-Bold,13.0,20,True,False,0.0952,0.0663,0.1679,0.0873,595.28,841.89
p4136r0,0,standalone_label,Abstract,Abstract,NotoSans-Bold,14.346,20,True,False,0.1168,0.2735,0.2162,0.2916,612.0,792.0
p4136r1,0,standalone_label,Abstract,Abstract,NotoSans-Bold,14.346,20,True,False,0.1168,0.3851,0.2162,0.4032,612.0,792.0
p4137r0,0,standalone_label,Abstract,Abstract,Body,9.0,4,False,False,0.1154,0.3301,0.1632,0.3446,595.28,841.89
p4137r0,0,short_line_mentions_abstract,2.4 Abstraction Implementations Are Excluded,2.4 Abstraction Implementations Are Excluded,Body,9.0,4,False,False,0.1456,0.4883,0.4145,0.5029,595.28,841.89
p4137r0,0,standalone_label,Abstract,Abstract,Body-Bold,13.0,20,True,False,0.0952,0.7794,0.1679,0.8004,595.28,841.89
p4137r0,2,short_line_mentions_abstract,2.4 Abstraction Implementations Are Excluded,2.4 Abstraction Implementations Are Excluded,Body-Bold,11.5,20,True,False,0.0952,0.7243,0.4522,0.7429,595.28,841.89
p4137r0,2,short_line_mentions_abstract,"necessary code include the implementation of key abstractions (e.g., vector).""","necessary code include the implementation of key abstractions (e.g., vector).""",Body-Italic,10.0,6,False,True,0.1204,0.8276,0.6446,0.8438,595.28,841.89
p4148r0,0,standalone_label,Abstract,Abstract,LMRoman12-Bold,11.955,20,True,False,0.2186,0.4023,0.3026,0.4174,612.0,792.0
p4148r0,1,short_line_mentions_abstract,"appropriate abstraction for a given context. However, this support is uneven:",abstraction,LMRoman10-Regular,10.062,4,False,False,0.3083,0.2789,0.3897,0.2915,612.0,792.0
p4148r0,1,short_line_mentions_abstract,"mechanism for runtime abstractions. In practice, this gap is addressed through",abstractions.,LMRoman10-Regular,9.943,4,False,False,0.3878,0.3619,0.4782,0.3745,612.0,792.0
p4151r0,0,standalone_label,Abstract ,Abstract ,ArialMT,20.0,0,False,False,0.1176,0.2425,0.2466,0.2708,612.0,792.0
p4151r1,0,standalone_label,Abstract ,Abstract ,ArialMT,20.0,0,False,False,0.1176,0.2425,0.2466,0.2708,612.0,792.0
p4161r0,0,standalone_label,Abstract,Abstract,LMRoman10-Bold,9.963,20,True,False,0.1284,0.3765,0.2,0.3891,612.0,792.0
p4161r0,0,standalone_label,Abstract,Abstract,LMRoman12-Bold,14.346,20,True,False,0.1406,0.6728,0.2414,0.6909,612.0,792.0
p4172r0,0,standalone_label,Abstract,Abstract,Body,9.0,4,False,False,0.1154,0.3586,0.1632,0.3732,595.28,841.89
p4172r0,1,standalone_label,Abstract,Abstract,Body-Bold,13.0,20,True,False,0.0952,0.6511,0.1679,0.6722,595.28,841.89
p4174r0,0,standalone_label,Abstract ,Abstract ,Arial-BoldMT,18.0,16,True,False,0.1208,0.2042,0.2517,0.2281,596.0,842.0
p4182r0,0,standalone_label,Abstract,Abstract,Body,9.0,4,False,False,0.1154,0.3301,0.1632,0.3446,595.28,841.89
p4182r0,1,standalone_label,Abstract,Abstract,Body-Bold,13.0,20,True,False,0.0952,0.0663,0.1679,0.0873,595.28,841.89
p4188r0,0,standalone_label,Abstract,Abstract,LMRoman9-Bold,8.966,20,True,False,0.4668,0.3048,0.5332,0.3161,612.0,792.0
p4191r0,0,standalone_label,Abstract ,Abstract,ArialMT,20.0,0,False,False,0.1176,0.2425,0.2375,0.2708,612.0,792.0
p5000r0,0,numbered_heading,1. Abstract ,1. Abstract,Calibri-Bold,18.0,16,True,False,0.1176,0.4483,0.249,0.471,612.0,792.0
