paper_id,table_index,page_num,classification,num_rows,num_cols,total_cells,empty_cells,empty_ratio,monospace_cells,mono_ratio,max_word_count,avg_word_count,has_links,col_count_consistent,col_counts_unique
n5035,0,0,CLEAN_MATRIX,2,4,8,0,0.0,0,0.0,3,1.5,False,True,[4]
n5035,1,0,CLEAN_MATRIX,4,2,8,0,0.0,0,0.0,6,2.5,False,True,[2]
n5036,0,1,CLEAN_MATRIX,3,3,9,0,0.0,0,0.0,3,1.3,False,True,[3]
n5036,1,4,CLEAN_MATRIX,2,3,6,0,0.0,0,0.0,7,2.7,False,True,[3]
n5036,2,5,CLEAN_MATRIX,2,3,6,0,0.0,0,0.0,2,1.2,False,True,[3]
n5036,3,6,CLEAN_MATRIX,2,3,6,0,0.0,0,0.0,2,1.2,False,True,[3]
n5036,4,7,CLEAN_MATRIX,3,3,9,0,0.0,0,0.0,2,1.2,False,True,[3]
n5036,5,7,CLEAN_MATRIX,2,3,6,0,0.0,0,0.0,5,1.8,False,True,[3]
n5036,6,9,CLEAN_MATRIX,2,3,6,0,0.0,0,0.0,1,1.0,False,True,[3]
n5036,7,9,CLEAN_MATRIX,2,3,6,0,0.0,0,0.0,6,2.2,False,True,[3]
n5036,8,9,CLEAN_MATRIX,6,3,18,0,0.0,0,0.0,12,3.5,False,True,[3]
n5036,9,11,CLEAN_MATRIX,2,3,6,0,0.0,0,0.0,3,1.3,False,True,[3]
n5036,10,12,CLEAN_MATRIX,2,3,6,0,0.0,0,0.0,2,1.3,False,True,[3]
n5036,11,12,CLEAN_MATRIX,4,3,12,0,0.0,0,0.0,5,1.9,False,True,[3]
n5036,12,12,CLEAN_MATRIX,13,3,39,0,0.0,0,0.0,6,1.8,False,True,[3]
n5037,0,0,CLEAN_MATRIX,3,4,12,0,0.0,0,0.0,3,1.3,False,True,[4]
n5037,1,0,CLEAN_MATRIX,4,2,8,0,0.0,0,0.0,6,2.5,False,True,[2]
n5040,0,2,CLEAN_MATRIX,2,3,6,0,0.0,0,0.0,3,1.7,False,True,[3]
n5040,1,2,CLEAN_MATRIX,3,2,6,0,0.0,0,0.0,4,1.7,False,True,[2]
n5040,2,8,PROSE_TABLE,10,2,20,0,0.0,0,0.0,17,6.5,False,True,[2]
n5040,3,9,CLEAN_MATRIX,3,2,6,0,0.0,0,0.0,15,5.7,False,True,[2]
n5040,4,9,CLEAN_MATRIX,6,2,12,0,0.0,0,0.0,14,6.2,False,True,[2]
n5040,5,9,CLEAN_MATRIX,5,2,10,0,0.0,0,0.0,14,7.0,False,True,[2]
n5040,6,10,CLEAN_MATRIX,14,2,28,0,0.0,0,0.0,13,6.0,False,True,[2]
n5040,7,11,PROSE_TABLE,6,2,12,0,0.0,0,0.0,17,6.2,False,True,[2]
n5040,8,11,PROSE_TABLE,9,2,18,0,0.0,0,0.0,22,6.3,False,True,[2]
n5040,9,12,PROSE_TABLE,13,2,26,0,0.0,0,0.0,28,7.1,False,True,[2]
n5040,10,13,CLEAN_MATRIX,7,2,14,0,0.0,0,0.0,11,3.9,False,True,[2]
n5040,11,13,CLEAN_MATRIX,4,2,8,0,0.0,0,0.0,9,3.4,False,True,[2]
n5040,12,13,CLEAN_MATRIX,4,2,8,0,0.0,0,0.0,15,4.1,False,True,[2]
n5040,13,13,CLEAN_MATRIX,4,2,8,0,0.0,0,0.0,9,4.2,False,True,[2]
n5043,0,0,CLEAN_MATRIX,2,4,8,0,0.0,0,0.0,3,1.5,False,True,[4]
n5043,1,0,CLEAN_MATRIX,4,2,8,0,0.0,0,0.0,6,2.5,False,True,[2]
p0876r22,0,32,CLEAN_MATRIX,2,2,4,0,0.0,0,0.0,2,1.5,False,True,[2]
p0876r22,1,33,CLEAN_MATRIX,2,2,4,0,0.0,0,0.0,5,3.0,False,True,[2]
p0876r22,2,35,CLEAN_MATRIX,2,2,4,0,0.0,0,0.0,6,2.5,False,True,[2]
p0876r22,3,37,CLEAN_MATRIX,2,2,4,0,0.0,0,0.0,7,3.0,False,True,[2]
p1000r7,0,0,PROSE_TABLE,5,2,10,0,0.0,0,0.0,25,9.5,False,True,[2]
p1000r7,1,2,PROSE_TABLE,3,5,15,0,0.0,0,0.0,20,8.4,False,True,[5]
p1000r8,0,0,PROSE_TABLE,9,2,18,0,0.0,0,0.0,37,7.8,False,True,[2]
p1000r8,1,2,PROSE_TABLE,3,5,15,0,0.0,0,0.0,20,8.4,False,True,[5]
p2034r6,0,4,CODE_COMPARISON,2,2,4,0,0.0,4,1.0,19,13.8,False,True,[2]
p2034r6,1,5,CODE_COMPARISON,3,2,6,0,0.0,6,1.0,19,14.0,False,True,[2]
p2034r6,2,2,CLEAN_MATRIX,2,5,10,0,0.0,0,0.0,1,1.0,False,True,[5]
p2034r6,3,2,CLEAN_MATRIX,2,5,10,0,0.0,0,0.0,1,1.0,False,True,[5]
p2034r6,4,2,CLEAN_MATRIX,2,5,10,0,0.0,0,0.0,1,1.0,False,True,[5]
p2034r6,5,2,CLEAN_MATRIX,2,5,10,0,0.0,0,0.0,1,1.0,False,True,[5]
p2034r6,6,2,CLEAN_MATRIX,2,5,10,0,0.0,0,0.0,1,1.0,False,True,[5]
p2583r0,0,0,CLEAN_MATRIX,4,2,8,0,0.0,0,0.0,3,1.4,False,True,[2]
p2583r0,1,4,CLEAN_MATRIX,2,3,6,0,0.0,2,0.33,2,1.3,False,True,[3]
p2583r0,2,8,PROSE_TABLE,2,2,4,0,0.0,0,0.0,17,10.8,False,True,[2]
p2583r0,3,12,CLEAN_MATRIX,2,2,4,0,0.0,0,0.0,8,5.8,False,True,[2]
p2583r0,4,3,CLEAN_MATRIX,4,2,8,0,0.0,1,0.12,3,1.5,False,True,[2]
p2583r0,5,9,CLEAN_MATRIX,6,3,18,4,0.22,0,0.0,7,2.9,False,True,[3]
p2583r1,0,0,CLEAN_MATRIX,4,2,8,0,0.0,0,0.0,3,1.4,False,True,[2]
p2583r1,1,4,CLEAN_MATRIX,7,2,14,0,0.0,6,0.43,2,1.1,False,True,[2]
p2583r1,2,13,CLEAN_MATRIX,2,2,4,0,0.0,0,0.0,8,5.8,False,True,[2]
p2583r1,3,18,CLEAN_MATRIX,2,4,8,0,0.0,4,0.5,2,1.1,False,True,[4]
p2583r1,4,19,CLEAN_MATRIX,4,4,16,0,0.0,12,0.75,2,1.1,False,True,[4]
p2583r1,5,10,CLEAN_MATRIX,6,3,18,4,0.22,0,0.0,7,2.9,False,True,[3]
p2583r2,0,0,CLEAN_MATRIX,4,2,8,0,0.0,0,0.0,3,1.4,False,True,[2]
p2583r2,1,4,CLEAN_MATRIX,5,2,10,0,0.0,4,0.4,2,1.1,False,True,[2]
p2583r2,2,5,CLEAN_MATRIX,3,2,6,0,0.0,2,0.33,2,1.2,False,True,[2]
p2583r2,3,13,CLEAN_MATRIX,2,2,4,0,0.0,0,0.0,8,5.8,False,True,[2]
p2583r2,4,19,CLEAN_MATRIX,2,4,8,0,0.0,4,0.5,2,1.1,False,True,[4]
p2583r2,5,20,CLEAN_MATRIX,4,4,16,0,0.0,12,0.75,2,1.1,False,True,[4]
p2583r2,6,10,CLEAN_MATRIX,6,3,18,4,0.22,0,0.0,7,2.9,False,True,[3]
p2583r3,0,0,CLEAN_MATRIX,4,2,8,0,0.0,0,0.0,2,1.1,False,True,[2]
p2583r3,1,5,CLEAN_MATRIX,7,2,14,0,0.0,6,0.43,2,1.1,False,True,[2]
p2583r3,2,14,CLEAN_MATRIX,4,2,8,0,0.0,0,0.0,8,4.8,False,True,[2]
p2583r3,3,20,CLEAN_MATRIX,5,4,20,0,0.0,12,0.6,2,1.1,False,True,[4]
p2583r3,4,11,CLEAN_MATRIX,3,3,9,0,0.0,0,0.0,8,4.1,False,True,[3]
p3039r1,0,0,CLEAN_MATRIX,3,3,9,0,0.0,0,0.0,3,1.3,False,True,[3]
p3373r2,0,22,CLEAN_MATRIX,2,5,10,0,0.0,0,0.0,1,1.0,False,True,[5]
p3373r2,1,22,CLEAN_MATRIX,2,5,10,0,0.0,0,0.0,1,1.0,False,True,[5]
p3373r2,2,23,CLEAN_MATRIX,2,5,10,0,0.0,0,0.0,1,1.0,False,True,[5]
p3373r3,0,22,CLEAN_MATRIX,2,5,10,0,0.0,0,0.0,1,1.0,False,True,[5]
p3373r3,1,22,CLEAN_MATRIX,2,5,10,0,0.0,0,0.0,1,1.0,False,True,[5]
p3373r3,2,23,CLEAN_MATRIX,2,5,10,0,0.0,0,0.0,1,1.0,False,True,[5]
p3373r3,3,23,CLEAN_MATRIX,2,5,10,0,0.0,0,0.0,1,1.0,False,True,[5]
p3373r4,0,22,CLEAN_MATRIX,2,5,10,0,0.0,0,0.0,1,1.0,False,True,[5]
p3373r4,1,22,CLEAN_MATRIX,2,5,10,0,0.0,0,0.0,1,1.0,False,True,[5]
p3373r4,2,23,CLEAN_MATRIX,2,5,10,0,0.0,0,0.0,1,1.0,False,True,[5]
p3373r4,3,23,CLEAN_MATRIX,2,5,10,0,0.0,0,0.0,1,1.0,False,True,[5]
p3427r3,0,5,PROSE_TABLE,3,3,9,4,0.44,0,0.0,86,35.6,False,True,[3]
p3596r0,0,9,CLEAN_MATRIX,2,2,4,0,0.0,0,0.0,3,1.8,False,True,[2]
p3596r0,1,9,CLEAN_MATRIX,2,2,4,0,0.0,0,0.0,3,1.8,False,True,[2]
p3596r0,2,10,CLEAN_MATRIX,2,2,4,0,0.0,0,0.0,4,2.2,False,True,[2]
p3596r0,3,11,CLEAN_MATRIX,2,2,4,0,0.0,0,0.0,4,2.2,False,True,[2]
p3596r0,4,16,CLEAN_MATRIX,3,2,6,0,0.0,0,0.0,4,2.0,False,True,[2]
p3596r0,5,17,CLEAN_MATRIX,2,2,4,0,0.0,0,0.0,3,1.8,False,True,[2]
p3596r0,6,17,CLEAN_MATRIX,2,2,4,0,0.0,0,0.0,3,2.0,False,True,[2]
p3596r0,7,18,CLEAN_MATRIX,2,2,4,0,0.0,0,0.0,6,2.8,False,True,[2]
p3596r0,8,19,CLEAN_MATRIX,2,2,4,0,0.0,0,0.0,4,2.2,False,True,[2]
p3596r0,9,20,CLEAN_MATRIX,2,2,4,0,0.0,0,0.0,3,1.8,False,True,[2]
p3596r0,10,20,CLEAN_MATRIX,2,2,4,0,0.0,0,0.0,2,1.5,False,True,[2]
p3596r0,11,21,CLEAN_MATRIX,2,2,4,0,0.0,0,0.0,4,2.2,False,True,[2]
p3596r0,12,21,CLEAN_MATRIX,2,2,4,0,0.0,0,0.0,3,2.0,False,True,[2]
p3596r0,13,24,CLEAN_MATRIX,3,2,6,0,0.0,0,0.0,3,1.8,False,True,[2]
p3596r0,14,24,CLEAN_MATRIX,3,2,6,0,0.0,0,0.0,3,2.0,False,True,[2]
p3596r0,15,27,CLEAN_MATRIX,2,2,4,0,0.0,0,0.0,3,2.0,False,True,[2]
p3596r0,16,30,CLEAN_MATRIX,3,2,6,0,0.0,0,0.0,4,2.0,False,True,[2]
p3596r0,17,32,CLEAN_MATRIX,3,2,6,0,0.0,0,0.0,4,1.8,False,True,[2]
p3596r0,18,32,CLEAN_MATRIX,2,2,4,0,0.0,0,0.0,3,2.0,False,True,[2]
p3596r0,19,33,CLEAN_MATRIX,3,2,6,0,0.0,0,0.0,4,1.8,False,True,[2]
p3596r0,20,35,CLEAN_MATRIX,2,2,4,0,0.0,0,0.0,4,2.0,False,True,[2]
p3596r0,21,35,CLEAN_MATRIX,2,2,4,0,0.0,0,0.0,3,2.0,False,True,[2]
p3596r0,22,36,CLEAN_MATRIX,2,2,4,0,0.0,0,0.0,3,1.8,False,True,[2]
p3596r0,23,38,CLEAN_MATRIX,2,2,4,0,0.0,0,0.0,5,2.2,False,True,[2]
p3596r0,24,38,CLEAN_MATRIX,3,2,6,0,0.0,0,0.0,3,1.7,False,True,[2]
p3596r0,25,39,CLEAN_MATRIX,2,2,4,0,0.0,0,0.0,3,2.0,False,True,[2]
p3596r0,26,39,CLEAN_MATRIX,2,2,4,0,0.0,0,0.0,5,2.2,False,True,[2]
p3596r0,27,43,CLEAN_MATRIX,2,2,4,0,0.0,0,0.0,3,1.8,False,True,[2]
p3596r0,28,43,CLEAN_MATRIX,2,2,4,0,0.0,0,0.0,2,1.5,False,True,[2]
p3596r0,29,44,CLEAN_MATRIX,2,2,4,0,0.0,0,0.0,4,2.2,False,True,[2]
p3596r0,30,44,CLEAN_MATRIX,3,2,6,0,0.0,0,0.0,3,1.8,False,True,[2]
p3596r0,31,47,CLEAN_MATRIX,3,2,6,0,0.0,0,0.0,3,1.8,False,True,[2]
p3596r0,32,47,CLEAN_MATRIX,2,2,4,0,0.0,0,0.0,4,2.2,False,True,[2]
p3596r0,33,48,CLEAN_MATRIX,2,2,4,0,0.0,0,0.0,3,1.8,False,True,[2]
p3596r0,34,48,CLEAN_MATRIX,2,2,4,0,0.0,0,0.0,4,2.5,False,True,[2]
p3596r0,35,49,CLEAN_MATRIX,2,2,4,0,0.0,0,0.0,5,2.5,False,True,[2]
p3596r0,36,50,CLEAN_MATRIX,3,2,6,0,0.0,0,0.0,4,2.2,False,True,[2]
p3596r0,37,51,CLEAN_MATRIX,2,2,4,0,0.0,0,0.0,4,2.2,False,True,[2]
p3596r0,38,51,CLEAN_MATRIX,2,2,4,0,0.0,0,0.0,3,2.0,False,True,[2]
p3596r0,39,52,CLEAN_MATRIX,2,2,4,0,0.0,0,0.0,4,2.0,False,True,[2]
p3596r0,40,52,CLEAN_MATRIX,3,2,6,0,0.0,0,0.0,9,3.3,False,True,[2]
p3596r0,41,54,CLEAN_MATRIX,2,2,4,0,0.0,0,0.0,5,2.5,False,True,[2]
p3596r0,42,54,CLEAN_MATRIX,2,2,4,0,0.0,0,0.0,5,2.5,False,True,[2]
p3596r0,43,57,CLEAN_MATRIX,2,2,4,0,0.0,0,0.0,7,3.5,False,True,[2]
p3596r0,44,57,CLEAN_MATRIX,2,2,4,0,0.0,0,0.0,6,3.0,False,True,[2]
p3596r0,45,58,CLEAN_MATRIX,2,2,4,0,0.0,0,0.0,5,2.5,False,True,[2]
p3596r0,46,59,CLEAN_MATRIX,2,2,4,0,0.0,0,0.0,5,2.5,False,True,[2]
p3596r0,47,59,CLEAN_MATRIX,2,2,4,0,0.0,0,0.0,5,2.5,False,True,[2]
p3596r0,48,59,CLEAN_MATRIX,2,2,4,0,0.0,0,0.0,5,2.5,False,True,[2]
p3596r0,49,60,CLEAN_MATRIX,2,2,4,0,0.0,0,0.0,5,2.5,False,True,[2]
p3596r0,50,60,CLEAN_MATRIX,2,2,4,0,0.0,0,0.0,4,2.0,False,True,[2]
p3596r0,51,61,CLEAN_MATRIX,2,2,4,0,0.0,0,0.0,5,2.5,False,True,[2]
p3596r0,52,61,CLEAN_MATRIX,2,2,4,0,0.0,0,0.0,5,2.5,False,True,[2]
p3596r0,53,62,CLEAN_MATRIX,2,2,4,0,0.0,0,0.0,4,2.0,False,True,[2]
p3596r0,54,62,CLEAN_MATRIX,2,2,4,0,0.0,0,0.0,5,2.5,False,True,[2]
p3596r0,55,63,CLEAN_MATRIX,2,2,4,0,0.0,0,0.0,5,2.5,False,True,[2]
p3596r0,56,63,CLEAN_MATRIX,2,2,4,0,0.0,0,0.0,5,2.5,False,True,[2]
p3596r0,57,64,CLEAN_MATRIX,2,2,4,0,0.0,0,0.0,5,2.5,False,True,[2]
p3596r0,58,64,CLEAN_MATRIX,2,2,4,0,0.0,0,0.0,5,2.5,False,True,[2]
p3596r0,59,64,CLEAN_MATRIX,2,2,4,0,0.0,0,0.0,5,2.5,False,True,[2]
p3596r0,60,65,CLEAN_MATRIX,2,2,4,0,0.0,0,0.0,6,3.0,False,True,[2]
p3596r0,61,65,CLEAN_MATRIX,2,2,4,0,0.0,0,0.0,5,2.5,False,True,[2]
p3596r0,62,66,CLEAN_MATRIX,2,2,4,0,0.0,0,0.0,5,2.5,False,True,[2]
p3596r0,63,67,CLEAN_MATRIX,2,2,4,0,0.0,0,0.0,5,2.5,False,True,[2]
p3596r0,64,67,CLEAN_MATRIX,2,2,4,0,0.0,0,0.0,4,2.0,False,True,[2]
p3596r0,65,68,CLEAN_MATRIX,2,2,4,0,0.0,0,0.0,4,2.0,False,True,[2]
p3596r0,66,69,CLEAN_MATRIX,2,2,4,0,0.0,0,0.0,5,2.5,False,True,[2]
p3596r0,67,70,CLEAN_MATRIX,2,2,4,0,0.0,0,0.0,5,2.5,False,True,[2]
p3596r0,68,70,CLEAN_MATRIX,2,2,4,0,0.0,0,0.0,5,2.5,False,True,[2]
p3596r0,69,71,CLEAN_MATRIX,2,2,4,0,0.0,0,0.0,5,2.5,False,True,[2]
p3596r0,70,72,CLEAN_MATRIX,4,2,8,0,0.0,0,0.0,6,2.8,False,True,[2]
p3596r0,71,72,CLEAN_MATRIX,2,2,4,0,0.0,0,0.0,6,3.0,False,True,[2]
p3596r0,72,73,CLEAN_MATRIX,2,2,4,0,0.0,0,0.0,5,2.5,False,True,[2]
p3596r0,73,74,CLEAN_MATRIX,4,2,8,0,0.0,0,0.0,5,2.5,False,True,[2]
p3596r0,74,74,CLEAN_MATRIX,2,2,4,0,0.0,0,0.0,4,2.0,False,True,[2]
p3596r0,75,75,CLEAN_MATRIX,2,2,4,0,0.0,0,0.0,5,2.5,False,True,[2]
p3596r0,76,76,CLEAN_MATRIX,2,2,4,0,0.0,0,0.0,5,2.5,False,True,[2]
p3596r0,77,77,CLEAN_MATRIX,2,2,4,0,0.0,0,0.0,5,2.5,False,True,[2]
p3596r0,78,77,CLEAN_MATRIX,4,2,8,0,0.0,0,0.0,5,2.2,False,True,[2]
p3596r0,79,77,CLEAN_MATRIX,2,2,4,0,0.0,0,0.0,5,2.5,False,True,[2]
p3596r0,80,78,CLEAN_MATRIX,2,2,4,0,0.0,0,0.0,7,3.5,False,True,[2]
p3596r0,81,78,CLEAN_MATRIX,2,2,4,0,0.0,0,0.0,6,3.0,False,True,[2]
p3596r0,82,82,CLEAN_MATRIX,4,2,8,0,0.0,0,0.0,5,2.5,False,True,[2]
p3596r0,83,82,CLEAN_MATRIX,4,2,8,0,0.0,0,0.0,6,3.0,False,True,[2]
p3596r0,84,83,CLEAN_MATRIX,2,2,4,0,0.0,0,0.0,4,2.0,False,True,[2]
p3596r0,85,83,CLEAN_MATRIX,4,2,8,0,0.0,0,0.0,6,2.5,False,True,[2]
p3596r0,86,83,CLEAN_MATRIX,4,2,8,0,0.0,0,0.0,6,2.8,False,True,[2]
p3596r0,87,84,CLEAN_MATRIX,2,2,4,0,0.0,0,0.0,5,2.5,False,True,[2]
p3596r0,88,85,CLEAN_MATRIX,4,2,8,0,0.0,0,0.0,5,2.2,False,True,[2]
p3596r0,89,85,CLEAN_MATRIX,2,2,4,0,0.0,0,0.0,5,2.5,False,True,[2]
p3596r0,90,86,CLEAN_MATRIX,2,2,4,0,0.0,0,0.0,6,3.0,False,True,[2]
p3596r0,91,86,CLEAN_MATRIX,2,2,4,0,0.0,0,0.0,5,2.5,False,True,[2]
p3596r0,92,87,CLEAN_MATRIX,2,2,4,0,0.0,0,0.0,5,2.5,False,True,[2]
p3596r0,93,87,CLEAN_MATRIX,4,2,8,0,0.0,0,0.0,5,2.5,False,True,[2]
p3596r0,94,87,CLEAN_MATRIX,6,2,12,0,0.0,0,0.0,6,2.5,False,True,[2]
p3596r0,95,88,CLEAN_MATRIX,2,2,4,0,0.0,0,0.0,6,3.0,False,True,[2]
p3596r0,96,88,CLEAN_MATRIX,4,2,8,0,0.0,0,0.0,5,2.2,False,True,[2]
p3596r0,97,88,CLEAN_MATRIX,2,2,4,0,0.0,0,0.0,6,3.0,False,True,[2]
p3596r0,98,89,CLEAN_MATRIX,2,2,4,0,0.0,0,0.0,4,2.0,False,True,[2]
p3596r0,99,89,CLEAN_MATRIX,4,2,8,0,0.0,0,0.0,6,2.8,False,True,[2]
p3596r0,100,89,CLEAN_MATRIX,2,2,4,0,0.0,0,0.0,5,2.5,False,True,[2]
p3596r0,101,89,CLEAN_MATRIX,2,2,4,0,0.0,0,0.0,4,2.0,False,True,[2]
p3596r0,102,90,CLEAN_MATRIX,2,2,4,0,0.0,0,0.0,5,2.5,False,True,[2]
p3596r0,103,90,CLEAN_MATRIX,2,2,4,0,0.0,0,0.0,5,2.5,False,True,[2]
p3596r0,104,90,CLEAN_MATRIX,2,2,4,0,0.0,0,0.0,5,2.5,False,True,[2]
p3596r0,105,91,CLEAN_MATRIX,4,2,8,0,0.0,0,0.0,7,3.0,False,True,[2]
p3596r0,106,91,CLEAN_MATRIX,2,2,4,0,0.0,0,0.0,6,3.0,False,True,[2]
p3596r0,107,92,CLEAN_MATRIX,4,2,8,0,0.0,0,0.0,7,3.0,False,True,[2]
p3596r0,108,92,CLEAN_MATRIX,2,2,4,0,0.0,0,0.0,5,2.5,False,True,[2]
p3596r0,109,92,CLEAN_MATRIX,4,2,8,0,0.0,0,0.0,5,2.5,False,True,[2]
p3596r0,110,93,CLEAN_MATRIX,4,2,8,0,0.0,0,0.0,5,2.2,False,True,[2]
p3596r0,111,93,CLEAN_MATRIX,2,2,4,0,0.0,0,0.0,6,3.0,False,True,[2]
p3596r0,112,94,CLEAN_MATRIX,2,2,4,0,0.0,0,0.0,5,2.5,False,True,[2]
p3596r0,113,94,CLEAN_MATRIX,2,2,4,0,0.0,0,0.0,5,2.5,False,True,[2]
p3596r0,114,95,CLEAN_MATRIX,2,2,4,0,0.0,0,0.0,5,2.5,False,True,[2]
p3596r0,115,95,CLEAN_MATRIX,6,2,12,0,0.0,0,0.0,7,3.0,False,True,[2]
p3596r0,116,96,CLEAN_MATRIX,4,2,8,0,0.0,0,0.0,5,2.2,False,True,[2]
p3596r0,117,96,CLEAN_MATRIX,4,2,8,0,0.0,0,0.0,6,3.0,False,True,[2]
p3596r0,118,97,CLEAN_MATRIX,2,2,4,0,0.0,0,0.0,5,2.5,False,True,[2]
p3596r0,119,97,CLEAN_MATRIX,2,2,4,0,0.0,0,0.0,5,2.5,False,True,[2]
p3596r0,120,97,CLEAN_MATRIX,2,2,4,0,0.0,0,0.0,5,2.5,False,True,[2]
p3596r0,121,98,CLEAN_MATRIX,4,2,8,0,0.0,0,0.0,6,2.5,False,True,[2]
p3596r0,122,98,CLEAN_MATRIX,4,2,8,0,0.0,0,0.0,6,2.8,False,True,[2]
p3596r0,123,99,CLEAN_MATRIX,2,2,4,0,0.0,0,0.0,6,3.0,False,True,[2]
p3596r0,124,99,CLEAN_MATRIX,2,3,6,0,0.0,2,0.33,9,3.3,False,True,[3]
p3596r0,125,100,CLEAN_MATRIX,2,3,6,0,0.0,2,0.33,10,3.8,False,True,[3]
p3596r0,126,0,CLEAN_MATRIX,3,3,9,0,0.0,0,0.0,2,1.1,False,True,[3]
p3596r1,0,9,CLEAN_MATRIX,2,2,4,0,0.0,0,0.0,3,1.8,False,True,[2]
p3596r1,1,9,CLEAN_MATRIX,2,2,4,0,0.0,0,0.0,3,1.8,False,True,[2]
p3596r1,2,10,CLEAN_MATRIX,2,2,4,0,0.0,0,0.0,4,2.2,False,True,[2]
p3596r1,3,11,CLEAN_MATRIX,2,2,4,0,0.0,0,0.0,4,2.2,False,True,[2]
p3596r1,4,16,CLEAN_MATRIX,3,2,6,0,0.0,0,0.0,4,2.0,False,True,[2]
p3596r1,5,16,CLEAN_MATRIX,2,2,4,0,0.0,0,0.0,3,1.8,False,True,[2]
p3596r1,6,17,CLEAN_MATRIX,2,2,4,0,0.0,0,0.0,3,2.0,False,True,[2]
p3596r1,7,18,CLEAN_MATRIX,2,2,4,0,0.0,0,0.0,6,2.8,False,True,[2]
p3596r1,8,19,CLEAN_MATRIX,2,2,4,0,0.0,0,0.0,4,2.2,False,True,[2]
p3596r1,9,20,CLEAN_MATRIX,2,2,4,0,0.0,0,0.0,3,1.8,False,True,[2]
p3596r1,10,20,CLEAN_MATRIX,2,2,4,0,0.0,0,0.0,2,1.5,False,True,[2]
p3596r1,11,20,CLEAN_MATRIX,2,2,4,0,0.0,0,0.0,4,2.2,False,True,[2]
p3596r1,12,21,CLEAN_MATRIX,2,2,4,0,0.0,0,0.0,3,2.0,False,True,[2]
p3596r1,13,23,CLEAN_MATRIX,3,2,6,0,0.0,0,0.0,3,1.8,False,True,[2]
p3596r1,14,24,CLEAN_MATRIX,3,2,6,0,0.0,0,0.0,3,2.0,False,True,[2]
p3596r1,15,26,CLEAN_MATRIX,2,2,4,0,0.0,0,0.0,3,2.0,False,True,[2]
p3596r1,16,30,CLEAN_MATRIX,3,2,6,0,0.0,0,0.0,4,2.0,False,True,[2]
p3596r1,17,32,CLEAN_MATRIX,3,2,6,0,0.0,0,0.0,4,1.8,False,True,[2]
p3596r1,18,32,CLEAN_MATRIX,2,2,4,0,0.0,0,0.0,3,2.0,False,True,[2]
p3596r1,19,33,CLEAN_MATRIX,3,2,6,0,0.0,0,0.0,4,1.8,False,True,[2]
p3596r1,20,34,CLEAN_MATRIX,2,2,4,0,0.0,0,0.0,4,2.0,False,True,[2]
p3596r1,21,35,CLEAN_MATRIX,2,2,4,0,0.0,0,0.0,3,2.0,False,True,[2]
p3596r1,22,36,CLEAN_MATRIX,2,2,4,0,0.0,0,0.0,3,1.8,False,True,[2]
p3596r1,23,37,CLEAN_MATRIX,2,2,4,0,0.0,0,0.0,5,2.2,False,True,[2]
p3596r1,24,38,CLEAN_MATRIX,3,2,6,0,0.0,0,0.0,3,1.7,False,True,[2]
p3596r1,25,38,CLEAN_MATRIX,2,2,4,0,0.0,0,0.0,3,2.0,False,True,[2]
p3596r1,26,39,CLEAN_MATRIX,2,2,4,0,0.0,0,0.0,5,2.2,False,True,[2]
p3596r1,27,43,CLEAN_MATRIX,2,2,4,0,0.0,0,0.0,3,1.8,False,True,[2]
p3596r1,28,43,CLEAN_MATRIX,2,2,4,0,0.0,0,0.0,2,1.5,False,True,[2]
p3596r1,29,43,CLEAN_MATRIX,2,2,4,0,0.0,0,0.0,4,2.2,False,True,[2]
p3596r1,30,44,CLEAN_MATRIX,3,2,6,0,0.0,0,0.0,3,1.8,False,True,[2]
p3596r1,31,46,CLEAN_MATRIX,3,2,6,0,0.0,0,0.0,3,1.8,False,True,[2]
p3596r1,32,47,CLEAN_MATRIX,2,2,4,0,0.0,0,0.0,4,2.2,False,True,[2]
p3596r1,33,47,CLEAN_MATRIX,2,2,4,0,0.0,0,0.0,3,1.8,False,True,[2]
p3596r1,34,47,CLEAN_MATRIX,2,2,4,0,0.0,0,0.0,4,2.5,False,True,[2]
p3596r1,35,48,CLEAN_MATRIX,2,2,4,0,0.0,0,0.0,5,2.5,False,True,[2]
p3596r1,36,50,CLEAN_MATRIX,3,2,6,0,0.0,0,0.0,4,2.2,False,True,[2]
p3596r1,37,50,CLEAN_MATRIX,2,2,4,0,0.0,0,0.0,4,2.2,False,True,[2]
p3596r1,38,51,CLEAN_MATRIX,2,2,4,0,0.0,0,0.0,3,2.0,False,True,[2]
p3596r1,39,52,CLEAN_MATRIX,2,2,4,0,0.0,0,0.0,4,2.0,False,True,[2]
p3596r1,40,52,CLEAN_MATRIX,3,2,6,0,0.0,0,0.0,9,3.3,False,True,[2]
p3596r1,41,53,CLEAN_MATRIX,2,2,4,0,0.0,0,0.0,5,2.5,False,True,[2]
p3596r1,42,54,CLEAN_MATRIX,2,2,4,0,0.0,0,0.0,5,2.5,False,True,[2]
p3596r1,43,57,CLEAN_MATRIX,2,2,4,0,0.0,0,0.0,7,3.5,False,True,[2]
p3596r1,44,57,CLEAN_MATRIX,2,2,4,0,0.0,0,0.0,6,3.0,False,True,[2]
p3596r1,45,58,CLEAN_MATRIX,2,2,4,0,0.0,0,0.0,5,2.5,False,True,[2]
p3596r1,46,58,CLEAN_MATRIX,2,2,4,0,0.0,0,0.0,5,2.5,False,True,[2]
p3596r1,47,58,CLEAN_MATRIX,2,2,4,0,0.0,0,0.0,5,2.5,False,True,[2]
p3596r1,48,59,CLEAN_MATRIX,2,2,4,0,0.0,0,0.0,5,2.5,False,True,[2]
p3596r1,49,59,CLEAN_MATRIX,2,2,4,0,0.0,0,0.0,5,2.5,False,True,[2]
p3596r1,50,60,CLEAN_MATRIX,2,2,4,0,0.0,0,0.0,4,2.0,False,True,[2]
p3596r1,51,60,CLEAN_MATRIX,2,2,4,0,0.0,0,0.0,5,2.5,False,True,[2]
p3596r1,52,61,CLEAN_MATRIX,2,2,4,0,0.0,0,0.0,5,2.5,False,True,[2]
p3596r1,53,62,CLEAN_MATRIX,2,2,4,0,0.0,0,0.0,4,2.0,False,True,[2]
p3596r1,54,62,CLEAN_MATRIX,2,2,4,0,0.0,0,0.0,5,2.5,False,True,[2]
p3596r1,55,62,CLEAN_MATRIX,2,2,4,0,0.0,0,0.0,5,2.5,False,True,[2]
p3596r1,56,63,CLEAN_MATRIX,2,2,4,0,0.0,0,0.0,5,2.5,False,True,[2]
p3596r1,57,63,CLEAN_MATRIX,2,2,4,0,0.0,0,0.0,5,2.5,False,True,[2]
p3596r1,58,63,CLEAN_MATRIX,2,2,4,0,0.0,0,0.0,5,2.5,False,True,[2]
p3596r1,59,64,CLEAN_MATRIX,2,2,4,0,0.0,0,0.0,5,2.5,False,True,[2]
p3596r1,60,64,CLEAN_MATRIX,2,2,4,0,0.0,0,0.0,6,3.0,False,True,[2]
p3596r1,61,65,CLEAN_MATRIX,2,2,4,0,0.0,0,0.0,5,2.5,False,True,[2]
p3596r1,62,65,CLEAN_MATRIX,2,2,4,0,0.0,0,0.0,5,2.5,False,True,[2]
p3596r1,63,67,CLEAN_MATRIX,2,2,4,0,0.0,0,0.0,5,2.5,False,True,[2]
p3596r1,64,67,CLEAN_MATRIX,2,2,4,0,0.0,0,0.0,4,2.0,False,True,[2]
p3596r1,65,67,CLEAN_MATRIX,2,2,4,0,0.0,0,0.0,4,2.0,False,True,[2]
p3596r1,66,69,CLEAN_MATRIX,2,2,4,0,0.0,0,0.0,5,2.5,False,True,[2]
p3596r1,67,69,CLEAN_MATRIX,2,2,4,0,0.0,0,0.0,5,2.5,False,True,[2]
p3596r1,68,70,CLEAN_MATRIX,2,2,4,0,0.0,0,0.0,5,2.5,False,True,[2]
p3596r1,69,71,CLEAN_MATRIX,2,2,4,0,0.0,0,0.0,5,2.5,False,True,[2]
p3596r1,70,71,CLEAN_MATRIX,2,2,4,0,0.0,0,0.0,5,2.5,False,True,[2]
p3596r1,71,72,CLEAN_MATRIX,2,2,4,0,0.0,0,0.0,6,3.0,False,True,[2]
p3596r1,72,72,CLEAN_MATRIX,2,2,4,0,0.0,0,0.0,6,3.0,False,True,[2]
p3596r1,73,73,CLEAN_MATRIX,2,2,4,0,0.0,0,0.0,5,2.5,False,True,[2]
p3596r1,74,73,CLEAN_MATRIX,4,2,8,0,0.0,0,0.0,5,2.5,False,True,[2]
p3596r1,75,74,CLEAN_MATRIX,2,2,4,0,0.0,0,0.0,4,2.0,False,True,[2]
p3596r1,76,74,CLEAN_MATRIX,2,2,4,0,0.0,0,0.0,5,2.5,False,True,[2]
p3596r1,77,76,CLEAN_MATRIX,2,2,4,0,0.0,0,0.0,5,2.5,False,True,[2]
p3596r1,78,76,CLEAN_MATRIX,2,2,4,0,0.0,0,0.0,5,2.5,False,True,[2]
p3596r1,79,77,CLEAN_MATRIX,4,2,8,0,0.0,0,0.0,5,2.2,False,True,[2]
p3596r1,80,77,CLEAN_MATRIX,2,2,4,0,0.0,0,0.0,5,2.5,False,True,[2]
p3596r1,81,77,CLEAN_MATRIX,2,2,4,0,0.0,0,0.0,7,3.5,False,True,[2]
p3596r1,82,78,CLEAN_MATRIX,2,2,4,0,0.0,0,0.0,6,3.0,False,True,[2]
p3596r1,83,81,CLEAN_MATRIX,4,2,8,0,0.0,0,0.0,5,2.5,False,True,[2]
p3596r1,84,82,CLEAN_MATRIX,4,2,8,0,0.0,0,0.0,6,3.0,False,True,[2]
p3596r1,85,82,CLEAN_MATRIX,2,2,4,0,0.0,0,0.0,4,2.0,False,True,[2]
p3596r1,86,83,CLEAN_MATRIX,4,2,8,0,0.0,0,0.0,6,2.5,False,True,[2]
p3596r1,87,83,CLEAN_MATRIX,4,2,8,0,0.0,0,0.0,6,2.8,False,True,[2]
p3596r1,88,84,CLEAN_MATRIX,2,2,4,0,0.0,0,0.0,5,2.5,False,True,[2]
p3596r1,89,84,CLEAN_MATRIX,4,2,8,0,0.0,0,0.0,5,2.2,False,True,[2]
p3596r1,90,85,CLEAN_MATRIX,2,2,4,0,0.0,0,0.0,5,2.5,False,True,[2]
p3596r1,91,85,CLEAN_MATRIX,2,2,4,0,0.0,0,0.0,6,3.0,False,True,[2]
p3596r1,92,86,CLEAN_MATRIX,4,2,8,0,0.0,0,0.0,5,2.5,False,True,[2]
p3596r1,93,86,CLEAN_MATRIX,4,2,8,0,0.0,0,0.0,5,2.5,False,True,[2]
p3596r1,94,86,CLEAN_MATRIX,2,2,4,0,0.0,0,0.0,5,2.5,False,True,[2]
p3596r1,95,87,CLEAN_MATRIX,4,2,8,0,0.0,0,0.0,6,2.5,False,True,[2]
p3596r1,96,87,CLEAN_MATRIX,2,2,4,0,0.0,0,0.0,6,3.0,False,True,[2]
p3596r1,97,87,CLEAN_MATRIX,4,2,8,0,0.0,0,0.0,5,2.2,False,True,[2]
p3596r1,98,88,CLEAN_MATRIX,4,2,8,0,0.0,0,0.0,6,2.5,False,True,[2]
p3596r1,99,88,CLEAN_MATRIX,4,2,8,0,0.0,0,0.0,6,2.8,False,True,[2]
p3596r1,100,89,CLEAN_MATRIX,2,2,4,0,0.0,0,0.0,5,2.5,False,True,[2]
p3596r1,101,89,CLEAN_MATRIX,4,2,8,0,0.0,0,0.0,5,2.2,False,True,[2]
p3596r1,102,89,CLEAN_MATRIX,2,2,4,0,0.0,0,0.0,5,2.5,False,True,[2]
p3596r1,103,90,CLEAN_MATRIX,2,2,4,0,0.0,1,0.25,10,7.2,False,True,[2]
p3596r1,104,90,CLEAN_MATRIX,2,2,4,0,0.0,0,0.0,5,2.5,False,True,[2]
p3596r1,105,90,CLEAN_MATRIX,4,2,8,0,0.0,0,0.0,7,3.0,False,True,[2]
p3596r1,106,91,CLEAN_MATRIX,2,2,4,0,0.0,1,0.25,9,5.8,False,True,[2]
p3596r1,107,91,CLEAN_MATRIX,2,2,4,0,0.0,0,0.0,6,3.0,False,True,[2]
p3596r1,108,91,CLEAN_MATRIX,2,2,4,0,0.0,0,0.0,5,2.5,False,True,[2]
p3596r1,109,92,CLEAN_MATRIX,2,2,4,0,0.0,0,0.0,7,3.5,False,True,[2]
p3596r1,110,92,CLEAN_MATRIX,2,2,4,0,0.0,0,0.0,5,2.5,False,True,[2]
p3596r1,111,92,CLEAN_MATRIX,4,2,8,0,0.0,0,0.0,5,2.5,False,True,[2]
p3596r1,112,93,CLEAN_MATRIX,4,2,8,0,0.0,0,0.0,5,2.2,False,True,[2]
p3596r1,113,93,CLEAN_MATRIX,2,2,4,0,0.0,0,0.0,6,3.0,False,True,[2]
p3596r1,114,94,CLEAN_MATRIX,2,2,4,0,0.0,0,0.0,5,2.5,False,True,[2]
p3596r1,115,94,CLEAN_MATRIX,2,2,4,0,0.0,0,0.0,5,2.5,False,True,[2]
p3596r1,116,95,CLEAN_MATRIX,2,2,4,0,0.0,0,0.0,5,2.5,False,True,[2]
p3596r1,117,95,CLEAN_MATRIX,6,2,12,0,0.0,0,0.0,7,3.0,False,True,[2]
p3596r1,118,95,CLEAN_MATRIX,2,2,4,0,0.0,0,0.0,5,2.5,False,True,[2]
p3596r1,119,96,CLEAN_MATRIX,2,2,4,0,0.0,0,0.0,4,2.0,False,True,[2]
p3596r1,120,96,CLEAN_MATRIX,4,2,8,0,0.0,0,0.0,6,3.0,False,True,[2]
p3596r1,121,96,CLEAN_MATRIX,2,2,4,0,0.0,0,0.0,5,2.5,False,True,[2]
p3596r1,122,97,CLEAN_MATRIX,2,2,4,0,0.0,0,0.0,5,2.5,False,True,[2]
p3596r1,123,97,CLEAN_MATRIX,2,2,4,0,0.0,0,0.0,5,2.5,False,True,[2]
p3596r1,124,98,CLEAN_MATRIX,4,2,8,0,0.0,0,0.0,6,2.5,False,True,[2]
p3596r1,125,98,CLEAN_MATRIX,4,2,8,0,0.0,0,0.0,6,2.8,False,True,[2]
p3596r1,126,99,CLEAN_MATRIX,2,2,4,0,0.0,0,0.0,6,3.0,False,True,[2]
p3596r1,127,99,CLEAN_MATRIX,4,3,12,0,0.0,4,0.33,10,3.6,False,True,[3]
p3596r1,128,0,CLEAN_MATRIX,3,3,9,0,0.0,0,0.0,2,1.1,False,True,[3]
p3598r0,0,0,CLEAN_MATRIX,3,3,9,0,0.0,0,0.0,2,1.1,False,True,[3]
p3605r1,0,1,CODE_COMPARISON,2,3,6,0,0.0,6,1.0,3,1.7,False,True,[3]
p3605r1,1,2,CODE_COMPARISON,5,4,20,0,0.0,20,1.0,5,1.5,False,True,[4]
p3625r1,0,0,PROSE_TABLE,3,2,6,0,0.0,4,0.67,18,10.7,False,True,[2]
p3725r2,0,0,CLEAN_MATRIX,2,5,10,0,0.0,0,0.0,1,1.0,False,True,[5]
p3725r3,0,0,CLEAN_MATRIX,2,5,10,0,0.0,0,0.0,1,1.0,False,True,[5]
p3786r2,0,2,CLEAN_MATRIX,2,2,4,0,0.0,0,0.0,4,2.2,False,True,[2]
p3786r2,1,0,CLEAN_MATRIX,6,2,12,0,0.0,9,0.75,11,5.8,False,True,[2]
p3839r0,0,28,CLEAN_MATRIX,4,3,12,0,0.0,0,0.0,2,1.2,False,True,[3]
p3839r0,1,29,CLEAN_MATRIX,4,3,12,0,0.0,0,0.0,2,1.2,False,True,[3]
p3839r0,2,30,CLEAN_MATRIX,4,3,12,0,0.0,0,0.0,2,1.2,False,True,[3]
p3839r0,3,72,CLEAN_MATRIX,2,5,10,0,0.0,0,0.0,1,1.0,False,True,[5]
p3839r0,4,73,CLEAN_MATRIX,2,5,10,0,0.0,0,0.0,1,1.0,False,True,[5]
p3839r0,5,74,CLEAN_MATRIX,2,5,10,0,0.0,0,0.0,1,1.0,False,True,[5]
p3839r0,6,105,CLEAN_MATRIX,4,3,12,0,0.0,0,0.0,3,2.4,False,True,[3]
p3839r0,7,106,CLEAN_MATRIX,4,3,12,0,0.0,0,0.0,3,2.4,False,True,[3]
p3839r0,8,107,CLEAN_MATRIX,2,4,8,0,0.0,0,0.0,3,1.6,False,True,[4]
p3839r0,9,108,CLEAN_MATRIX,2,4,8,0,0.0,0,0.0,3,1.6,False,True,[4]
p3839r0,10,109,CLEAN_MATRIX,2,4,8,0,0.0,0,0.0,3,1.6,False,True,[4]
p3839r0,11,202,CLEAN_MATRIX,2,2,4,0,0.0,0,0.0,5,4.0,False,True,[2]
p3839r0,12,260,CLEAN_MATRIX,4,4,16,0,0.0,0,0.0,2,1.1,False,True,[4]
p3839r0,13,261,CLEAN_MATRIX,4,4,16,0,0.0,0,0.0,2,1.1,False,True,[4]
p3839r0,14,262,CLEAN_MATRIX,4,4,16,0,0.0,0,0.0,2,1.1,False,True,[4]
p3839r0,15,264,CLEAN_MATRIX,6,3,18,0,0.0,0,0.0,7,2.9,False,True,[3]
p3839r0,16,309,CLEAN_MATRIX,4,4,16,0,0.0,0,0.0,3,1.2,False,True,[4]
p3839r0,17,310,CLEAN_MATRIX,4,4,16,0,0.0,0,0.0,3,1.2,False,True,[4]
p3839r0,18,316,CLEAN_MATRIX,4,4,16,0,0.0,0,0.0,3,1.7,False,True,[4]
p3839r0,19,317,CLEAN_MATRIX,4,4,16,0,0.0,0,0.0,3,1.7,False,True,[4]
p3839r0,20,326,CLEAN_MATRIX,9,2,18,0,0.0,0,0.0,3,1.9,False,True,[2]
p3839r0,21,366,CLEAN_MATRIX,7,3,21,0,0.0,0,0.0,6,3.3,False,True,[3]
p3839r0,22,367,CLEAN_MATRIX,7,3,21,0,0.0,0,0.0,6,3.3,False,True,[3]
p3839r0,23,3,CLEAN_MATRIX,3,2,6,0,0.0,0,0.0,8,6.5,False,True,[2]
p3839r0,24,4,CLEAN_MATRIX,3,2,6,0,0.0,0,0.0,8,6.5,False,True,[2]
p3839r0,25,59,CLEAN_MATRIX,9,2,18,0,0.0,0,0.0,4,2.7,False,True,[2]
p3839r0,26,153,CLEAN_MATRIX,5,4,20,8,0.4,0,0.0,14,7.2,False,True,[4]
p3839r0,27,201,CLEAN_MATRIX,3,4,12,6,0.5,0,0.0,10,5.2,False,True,[4]
p3839r0,28,202,CLEAN_MATRIX,3,4,12,6,0.5,0,0.0,10,5.2,False,True,[4]
p3839r0,29,202,CLEAN_MATRIX,2,3,6,2,0.33,0,0.0,10,6.2,False,True,[3]
p3839r0,30,265,FALSE_POSITIVE,3,12,36,23,0.64,0,0.0,3,1.8,False,True,[12]
p3839r0,31,265,FALSE_POSITIVE,3,9,27,15,0.56,0,0.0,3,1.9,False,True,[9]
p3839r0,32,392,CLEAN_MATRIX,7,2,14,0,0.0,0,0.0,6,3.7,False,True,[2]
p3839r0,33,338,CLEAN_MATRIX,2,3,6,0,0.0,0,0.0,1,1.0,False,True,[3]
p3839r0,34,339,CLEAN_MATRIX,2,3,6,0,0.0,0,0.0,1,1.0,False,True,[3]
p3844r3,0,0,CLEAN_MATRIX,5,2,10,0,0.0,0,0.0,3,1.3,False,True,[2]
p3844r3,1,6,CLEAN_MATRIX,2,2,4,0,0.0,0,0.0,3,1.8,False,True,[2]
p3844r3,2,9,CLEAN_MATRIX,5,4,20,0,0.0,13,0.65,3,1.4,False,True,[4]
p3844r3,3,14,CLEAN_MATRIX,2,2,4,0,0.0,0,0.0,5,2.2,False,True,[2]
p3844r3,4,15,CLEAN_MATRIX,2,2,4,0,0.0,0,0.0,4,2.0,False,True,[2]
p3844r3,5,16,CLEAN_MATRIX,2,2,4,0,0.0,2,0.5,8,4.8,False,True,[2]
p3844r3,6,4,CODE_COMPARISON,5,4,20,10,0.5,10,1.0,10,6.8,False,True,[4]
p3844r3,7,0,PROSE_TABLE,6,3,18,0,0.0,0,0.0,41,6.9,False,True,[3]
p3844r3,8,0,PROSE_TABLE,3,4,12,0,0.0,0,0.0,21,6.7,False,True,[4]
p3844r3,9,0,PROSE_TABLE,6,3,18,0,0.0,0,0.0,28,5.8,False,True,[3]
p3844r3,10,0,CLEAN_MATRIX,2,3,6,0,0.0,0,0.0,2,1.2,False,True,[3]
p3844r3,11,1,PROSE_TABLE,2,3,6,0,0.0,0,0.0,35,11.8,False,True,[3]
p3844r3,12,1,PROSE_TABLE,4,3,12,0,0.0,0,0.0,35,9.4,False,True,[3]
p3844r3,13,1,PROSE_TABLE,3,3,9,0,0.0,0,0.0,34,4.9,False,True,[3]
p3844r3,14,3,CLEAN_MATRIX,2,5,10,0,0.0,0,0.0,1,1.0,False,True,[5]
p3844r3,15,3,CLEAN_MATRIX,2,5,10,0,0.0,0,0.0,1,1.0,False,True,[5]
p3844r4,0,0,CLEAN_MATRIX,5,2,10,0,0.0,0,0.0,3,1.3,False,True,[2]
p3844r4,1,2,CLEAN_MATRIX,2,2,4,0,0.0,0,0.0,4,2.2,False,True,[2]
p3844r4,2,3,CLEAN_MATRIX,2,2,4,0,0.0,0,0.0,3,1.8,False,True,[2]
p3844r4,3,5,CLEAN_MATRIX,2,2,4,0,0.0,2,0.5,8,4.8,False,True,[2]
p3844r4,4,6,CLEAN_MATRIX,2,2,4,0,0.0,0,0.0,4,2.0,False,True,[2]
p3844r4,5,7,CLEAN_MATRIX,2,2,4,0,0.0,0,0.0,4,2.0,False,True,[2]
p3844r4,6,0,PROSE_TABLE,2,4,8,0,0.0,0,0.0,29,8.8,False,True,[4]
p3844r4,7,0,PROSE_TABLE,6,3,18,0,0.0,0,0.0,37,7.3,False,True,[3]
p3844r4,8,0,PROSE_TABLE,4,3,12,0,0.0,0,0.0,35,6.7,False,True,[3]
p3844r4,9,0,PROSE_TABLE,2,4,8,0,0.0,0,0.0,34,9.4,False,True,[4]
p3844r4,10,2,CLEAN_MATRIX,2,5,10,0,0.0,0,0.0,1,1.0,False,True,[5]
p3844r4,11,2,CLEAN_MATRIX,2,5,10,0,0.0,0,0.0,1,1.0,False,True,[5]
p3846r1,0,37,CLEAN_MATRIX,3,3,9,0,0.0,0,0.0,6,3.9,False,True,[3]
p3846r1,1,38,CLEAN_MATRIX,3,3,9,0,0.0,0,0.0,9,4.3,False,True,[3]
p3846r1,2,39,CLEAN_MATRIX,3,3,9,0,0.0,1,0.11,11,4.8,False,True,[3]
p3846r1,3,39,CLEAN_MATRIX,7,3,21,0,0.0,3,0.14,11,4.8,False,True,[3]
p3846r1,4,39,CLEAN_MATRIX,2,3,6,0,0.0,2,0.33,10,3.8,False,True,[3]
p3846r1,5,40,CLEAN_MATRIX,3,3,9,0,0.0,3,0.33,11,3.2,False,True,[3]
p3846r1,6,40,CLEAN_MATRIX,2,4,8,0,0.0,2,0.25,10,4.8,False,True,[4]
p3846r1,7,40,CLEAN_MATRIX,5,3,15,0,0.0,5,0.33,13,3.7,False,True,[3]
p3846r1,8,40,CLEAN_MATRIX,2,4,8,0,0.0,2,0.25,13,3.5,False,True,[4]
p3846r1,9,41,CLEAN_MATRIX,3,3,9,0,0.0,3,0.33,8,2.7,False,True,[3]
p3846r1,10,41,CLEAN_MATRIX,2,4,8,0,0.0,2,0.25,10,4.5,False,True,[4]
p3846r1,11,41,CLEAN_MATRIX,4,4,16,0,0.0,4,0.25,11,3.9,False,True,[4]
p3846r1,12,41,CLEAN_MATRIX,3,4,12,0,0.0,3,0.25,11,4.2,False,True,[4]
p3846r1,13,42,CLEAN_MATRIX,2,3,6,0,0.0,2,0.33,13,4.2,False,True,[3]
p3846r1,14,42,CLEAN_MATRIX,5,3,15,0,0.0,5,0.33,10,3.1,False,True,[3]
p3846r1,15,42,CLEAN_MATRIX,2,4,8,0,0.0,2,0.25,13,4.8,False,True,[4]
p3846r1,16,42,CLEAN_MATRIX,2,3,6,0,0.0,2,0.33,8,3.2,False,True,[3]
p3846r1,17,43,CLEAN_MATRIX,2,4,8,0,0.0,2,0.25,10,3.2,False,True,[4]
p3846r1,18,43,CLEAN_MATRIX,2,3,6,0,0.0,2,0.33,9,3.7,False,True,[3]
p3846r1,19,43,CLEAN_MATRIX,3,3,9,0,0.0,3,0.33,11,3.9,False,True,[3]
p3846r1,20,43,CLEAN_MATRIX,2,4,8,0,0.0,2,0.25,10,3.6,False,True,[4]
p3846r1,21,44,CLEAN_MATRIX,2,3,6,0,0.0,2,0.33,9,3.3,False,True,[3]
p3846r1,22,44,CLEAN_MATRIX,2,4,8,0,0.0,2,0.25,12,5.5,False,True,[4]
p3846r1,23,17,CLEAN_MATRIX,7,4,28,10,0.36,0,0.0,15,5.9,False,True,[4]
p3846r1,24,37,PROSE_TABLE,4,4,16,6,0.38,0,0.0,19,6.1,False,True,[4]
p3846r1,25,43,CLEAN_MATRIX,3,3,9,2,0.22,1,0.14,12,6.0,False,True,[3]
p3846r1,26,37,PROSE_TABLE,2,2,4,0,0.0,0,0.0,18,15.5,False,True,[2]
p3846r1,27,38,PROSE_TABLE,3,3,9,3,0.33,0,0.0,17,6.3,False,True,[3]
p3856r4,0,12,CLEAN_MATRIX,2,3,6,1,0.17,0,0.0,9,5.6,False,True,[3]
p3856r5,0,12,CLEAN_MATRIX,2,4,8,3,0.38,0,0.0,13,7.6,False,True,[4]
p3856r7,0,12,CLEAN_MATRIX,2,5,10,4,0.4,0,0.0,9,5.3,False,True,[5]
p3932r0,0,0,CLEAN_MATRIX,5,2,10,0,0.0,0,0.0,3,1.3,False,True,[2]
p3932r0,1,2,CLEAN_MATRIX,2,2,4,0,0.0,0,0.0,14,5.0,False,True,[2]
p3932r0,2,3,CLEAN_MATRIX,2,2,4,0,0.0,0,0.0,2,1.5,False,True,[2]
p3932r0,3,4,CLEAN_MATRIX,2,2,4,0,0.0,0,0.0,2,1.5,False,True,[2]
p3932r0,4,6,CLEAN_MATRIX,2,2,4,0,0.0,0,0.0,2,1.5,False,True,[2]
p3932r0,5,0,CLEAN_MATRIX,3,3,9,0,0.0,0,0.0,12,2.6,False,True,[3]
p3932r0,6,0,PROSE_TABLE,2,3,6,0,0.0,0,0.0,25,5.7,False,True,[3]
p3932r0,7,0,PROSE_TABLE,3,3,9,0,0.0,0,0.0,35,11.8,False,True,[3]
p3932r0,8,0,PROSE_TABLE,3,3,9,0,0.0,0,0.0,35,11.9,False,True,[3]
p3948r1,0,0,CLEAN_MATRIX,5,2,10,0,0.0,0,0.0,3,1.3,False,True,[2]
p3948r1,1,7,CLEAN_MATRIX,2,2,4,0,0.0,0,0.0,2,1.5,False,True,[2]
p3948r1,2,0,PROSE_TABLE,10,3,30,0,0.0,0,0.0,34,3.2,False,True,[3]
p3948r1,3,0,PROSE_TABLE,2,3,6,0,0.0,0,0.0,29,5.7,False,True,[3]
p3968r0,0,0,CLEAN_MATRIX,3,3,9,0,0.0,0,0.0,7,2.1,False,True,[3]
p3977r0,0,0,CLEAN_MATRIX,8,2,16,0,0.0,0,0.0,6,2.1,False,True,[2]
p3977r0,1,3,FALSE_POSITIVE,12,14,168,146,0.87,0,0.0,34,2.8,False,True,[14]
p3977r0,2,7,PROSE_TABLE,3,3,9,2,0.22,1,0.14,18,9.0,False,True,[3]
p3977r0,3,9,PROSE_TABLE,10,4,40,20,0.5,1,0.05,35,15.8,False,True,[4]
p3977r0,4,9,FALSE_POSITIVE,7,4,28,17,0.61,2,0.18,32,13.9,False,True,[4]
p3977r0,5,10,PROSE_TABLE,4,4,16,8,0.5,0,0.0,31,16.2,False,True,[4]
p3978r0,0,0,CLEAN_MATRIX,5,2,10,0,0.0,0,0.0,4,1.6,False,True,[2]
p3978r0,1,2,CLEAN_MATRIX,8,4,32,0,0.0,16,0.5,4,1.9,False,True,[4]
p3978r0,2,0,CLEAN_MATRIX,2,3,6,0,0.0,0,0.0,2,1.2,False,True,[3]
p3978r0,3,0,PROSE_TABLE,2,3,6,0,0.0,0,0.0,37,7.0,False,True,[3]
p3978r0,4,0,CLEAN_MATRIX,2,3,6,0,0.0,0,0.0,1,1.0,False,True,[3]
p3978r0,5,0,PROSE_TABLE,3,3,9,0,0.0,0,0.0,31,4.3,False,True,[3]
p3978r1,0,0,CLEAN_MATRIX,2,2,4,0,0.0,0,0.0,2,1.2,False,True,[2]
p3978r1,1,2,CLEAN_MATRIX,8,4,32,0,0.0,16,0.5,4,1.9,False,True,[4]
p3978r1,2,3,CLEAN_MATRIX,2,2,4,0,0.0,0,0.0,3,1.8,False,True,[2]
p3978r1,3,10,CLEAN_MATRIX,2,3,6,0,0.0,0,0.0,12,7.3,False,True,[3]
p3978r1,4,0,PROSE_TABLE,2,3,6,0,0.0,0,0.0,37,7.0,False,True,[3]
p3978r1,5,0,PROSE_TABLE,2,3,6,0,0.0,0,0.0,27,5.3,False,True,[3]
p3978r1,6,0,CLEAN_MATRIX,3,3,9,0,0.0,0,0.0,3,1.3,False,True,[3]
p3978r1,7,0,PROSE_TABLE,3,3,9,0,0.0,0,0.0,31,4.3,False,True,[3]
p3978r2,0,0,CLEAN_MATRIX,2,2,4,0,0.0,0,0.0,2,1.2,False,True,[2]
p3978r2,1,2,CLEAN_MATRIX,8,4,32,0,0.0,16,0.5,4,1.9,False,True,[4]
p3978r2,2,3,CLEAN_MATRIX,2,2,4,0,0.0,0,0.0,3,1.8,False,True,[2]
p3978r2,3,10,CLEAN_MATRIX,3,3,9,0,0.0,0,0.0,12,7.2,False,True,[3]
p3978r2,4,0,PROSE_TABLE,2,3,6,0,0.0,0,0.0,34,6.7,False,True,[3]
p3978r2,5,0,PROSE_TABLE,2,3,6,0,0.0,0,0.0,37,7.0,False,True,[3]
p3978r2,6,0,PROSE_TABLE,2,3,6,0,0.0,0,0.0,27,5.3,False,True,[3]
p3978r2,7,0,PROSE_TABLE,4,3,12,0,0.0,0,0.0,22,3.0,False,True,[3]
p3978r2,8,0,PROSE_TABLE,3,3,9,0,0.0,0,0.0,31,4.3,False,True,[3]
p3978r3,0,0,CLEAN_MATRIX,2,2,4,0,0.0,0,0.0,2,1.2,False,True,[2]
p3978r3,1,2,CLEAN_MATRIX,8,4,32,0,0.0,16,0.5,4,1.9,False,True,[4]
p3978r3,2,3,CLEAN_MATRIX,2,2,4,0,0.0,0,0.0,3,1.8,False,True,[2]
p3978r3,3,11,CLEAN_MATRIX,3,3,9,0,0.0,0,0.0,12,7.2,False,True,[3]
p3978r3,4,0,PROSE_TABLE,2,3,6,0,0.0,0,0.0,34,6.7,False,True,[3]
p3978r3,5,0,PROSE_TABLE,2,3,6,0,0.0,0,0.0,37,7.0,False,True,[3]
p3978r3,6,0,PROSE_TABLE,2,3,6,0,0.0,0,0.0,27,5.3,False,True,[3]
p3978r3,7,0,PROSE_TABLE,4,3,12,0,0.0,0,0.0,22,3.0,False,True,[3]
p3978r3,8,0,PROSE_TABLE,2,4,8,0,0.0,0,0.0,33,9.1,False,True,[4]
p3978r3,9,0,PROSE_TABLE,3,3,9,0,0.0,0,0.0,31,4.3,False,True,[3]
p3986r1,0,4,CLEAN_MATRIX,2,5,10,0,0.0,0,0.0,1,1.0,False,True,[5]
p3986r1,1,5,CLEAN_MATRIX,2,5,10,0,0.0,0,0.0,1,1.0,False,True,[5]
p4003r0,0,0,CLEAN_MATRIX,4,2,8,0,0.0,0,0.0,3,1.4,False,True,[2]
p4003r0,1,4,CLEAN_MATRIX,6,4,24,0,0.0,2,0.08,2,1.2,False,True,[4]
p4003r0,2,37,CLEAN_MATRIX,2,5,10,0,0.0,0,0.0,1,1.0,False,True,[5]
p4003r0,3,45,CLEAN_MATRIX,2,3,6,0,0.0,1,0.17,6,2.2,False,True,[3]
p4003r0,4,58,CLEAN_MATRIX,6,2,12,0,0.0,0,0.0,3,2.2,False,True,[2]
p4003r0,5,40,CLEAN_MATRIX,2,2,4,0,0.0,1,0.25,8,5.5,False,True,[2]
p4003r0,6,10,CLEAN_MATRIX,2,4,8,0,0.0,0,0.0,2,1.8,False,True,[4]
p4003r1,0,0,CLEAN_MATRIX,4,2,8,0,0.0,0,0.0,3,1.4,False,True,[2]
p4003r1,1,7,CLEAN_MATRIX,6,4,24,0,0.0,2,0.08,2,1.2,False,True,[4]
p4003r1,2,47,CLEAN_MATRIX,6,3,18,0,0.0,0,0.0,6,2.0,False,True,[3]
p4003r1,3,49,CLEAN_MATRIX,2,5,10,0,0.0,0,0.0,1,1.0,False,True,[5]
p4003r1,4,58,CLEAN_MATRIX,2,3,6,0,0.0,1,0.17,6,2.2,False,True,[3]
p4003r1,5,71,CLEAN_MATRIX,6,2,12,0,0.0,0,0.0,3,2.2,False,True,[2]
p4003r1,6,48,CLEAN_MATRIX,3,4,12,6,0.5,0,0.0,6,2.7,False,True,[4]
p4003r1,7,48,CLEAN_MATRIX,6,4,24,11,0.46,0,0.0,8,3.5,False,True,[4]
p4003r1,8,49,CLEAN_MATRIX,3,4,12,6,0.5,0,0.0,7,3.8,False,True,[4]
p4003r1,9,52,CLEAN_MATRIX,2,2,4,0,0.0,1,0.25,8,5.5,False,True,[2]
p4003r1,10,12,CLEAN_MATRIX,2,4,8,0,0.0,0,0.0,2,1.8,False,True,[4]
p4003r2,0,0,CLEAN_MATRIX,4,2,8,0,0.0,0,0.0,2,1.1,False,True,[2]
p4003r2,1,3,CLEAN_MATRIX,9,2,18,0,0.0,3,0.17,4,1.9,False,True,[2]
p4003r2,2,5,CLEAN_MATRIX,6,4,24,0,0.0,2,0.08,2,1.2,False,True,[4]
p4003r2,3,15,CLEAN_MATRIX,2,3,6,0,0.0,0,0.0,2,1.5,False,True,[3]
p4003r2,4,15,CLEAN_MATRIX,2,3,6,0,0.0,0,0.0,5,3.5,False,True,[3]
p4003r2,5,15,CLEAN_MATRIX,2,3,6,2,0.33,0,0.0,6,3.0,False,True,[3]
p4007r0,0,0,CLEAN_MATRIX,4,2,8,0,0.0,0,0.0,3,1.4,False,True,[2]
p4007r0,1,5,CLEAN_MATRIX,2,5,10,0,0.0,0,0.0,1,1.0,False,True,[5]
p4007r0,2,9,CLEAN_MATRIX,5,2,10,0,0.0,4,0.4,7,3.1,False,True,[2]
p4007r0,3,14,CLEAN_MATRIX,6,4,24,0,0.0,2,0.08,2,1.2,False,True,[4]
p4007r0,4,20,CLEAN_MATRIX,2,2,4,0,0.0,2,0.5,5,3.0,False,True,[2]
p4007r0,5,21,CLEAN_MATRIX,2,2,4,0,0.0,0,0.0,6,4.8,False,True,[2]
p4007r0,6,21,CLEAN_MATRIX,7,3,21,0,0.0,6,0.29,6,2.0,False,True,[3]
p4007r0,7,22,CLEAN_MATRIX,3,3,9,0,0.0,3,0.33,3,1.9,False,True,[3]
p4007r0,8,22,CLEAN_MATRIX,2,2,4,0,0.0,1,0.25,2,1.2,False,True,[2]
p4007r0,9,23,CLEAN_MATRIX,4,2,8,0,0.0,4,0.5,1,1.0,False,True,[2]
p4007r0,10,23,CLEAN_MATRIX,2,5,10,0,0.0,0,0.0,1,1.0,False,True,[5]
p4007r0,11,20,CLEAN_MATRIX,3,2,6,0,0.0,0,0.0,9,5.5,False,True,[2]
p4007r0,12,20,CLEAN_MATRIX,3,2,6,0,0.0,0,0.0,8,4.2,False,True,[2]
p4007r1,0,0,CLEAN_MATRIX,4,2,8,0,0.0,0,0.0,3,1.4,False,True,[2]
p4007r2,0,0,CLEAN_MATRIX,4,2,8,0,0.0,0,0.0,2,1.1,False,True,[2]
p4007r2,1,2,CLEAN_MATRIX,5,3,15,0,0.0,0,0.0,7,2.2,False,True,[3]
p4011r0,0,0,CLEAN_MATRIX,4,2,8,0,0.0,0,0.0,3,1.4,False,True,[2]
p4011r0,1,0,CLEAN_MATRIX,6,3,18,0,0.0,0,0.0,5,1.4,False,True,[3]
p4012r0,0,0,CLEAN_MATRIX,5,2,10,0,0.0,0,0.0,3,1.4,False,True,[2]
p4012r0,1,9,CLEAN_MATRIX,4,3,12,0,0.0,7,0.58,3,1.5,False,True,[3]
p4012r0,2,10,CLEAN_MATRIX,2,2,4,0,0.0,0,0.0,5,2.2,False,True,[2]
p4012r0,3,11,CLEAN_MATRIX,2,2,4,0,0.0,0,0.0,8,3.0,False,True,[2]
p4012r0,4,12,CLEAN_MATRIX,2,2,4,0,0.0,0,0.0,3,1.8,False,True,[2]
p4012r0,5,13,CLEAN_MATRIX,4,3,12,0,0.0,0,0.0,13,6.2,False,True,[3]
p4012r0,6,5,CODE_COMPARISON,5,4,20,10,0.5,10,1.0,10,6.8,False,True,[4]
p4012r0,7,0,PROSE_TABLE,3,3,9,0,0.0,0,0.0,37,5.1,False,True,[3]
p4012r0,8,0,PROSE_TABLE,6,3,18,0,0.0,0,0.0,41,5.0,False,True,[3]
p4012r0,9,0,PROSE_TABLE,2,4,8,0,0.0,0,0.0,31,7.8,False,True,[4]
p4012r0,10,0,CLEAN_MATRIX,3,3,9,0,0.0,0,0.0,2,1.1,False,True,[3]
p4012r0,11,1,PROSE_TABLE,2,3,6,0,0.0,0,0.0,35,11.8,False,True,[3]
p4012r0,12,1,PROSE_TABLE,2,3,6,0,0.0,0,0.0,33,7.7,False,True,[3]
p4012r0,13,1,CLEAN_MATRIX,2,3,6,0,0.0,0,0.0,2,1.2,False,True,[3]
p4012r0,14,2,CLEAN_MATRIX,2,5,10,0,0.0,0,0.0,1,1.0,False,True,[5]
p4012r0,15,2,CLEAN_MATRIX,2,5,10,0,0.0,0,0.0,1,1.0,False,True,[5]
p4012r1,0,0,CLEAN_MATRIX,5,2,10,0,0.0,0,0.0,3,1.3,False,True,[2]
p4012r1,1,8,CLEAN_MATRIX,4,3,12,0,0.0,7,0.58,3,1.5,False,True,[3]
p4012r1,2,9,CLEAN_MATRIX,2,2,4,0,0.0,0,0.0,8,3.0,False,True,[2]
p4012r1,3,10,CLEAN_MATRIX,4,3,12,0,0.0,0,0.0,13,6.2,False,True,[3]
p4012r1,4,4,CODE_COMPARISON,5,4,20,10,0.5,10,1.0,10,6.8,False,True,[4]
p4012r1,5,0,PROSE_TABLE,3,3,9,0,0.0,0,0.0,37,5.1,False,True,[3]
p4012r1,6,0,PROSE_TABLE,6,3,18,0,0.0,0,0.0,41,5.0,False,True,[3]
p4012r1,7,0,PROSE_TABLE,2,4,8,0,0.0,0,0.0,31,7.8,False,True,[4]
p4012r1,8,0,CLEAN_MATRIX,4,3,12,0,0.0,0,0.0,7,1.6,False,True,[3]
p4012r1,9,0,CLEAN_MATRIX,2,3,6,0,0.0,0,0.0,2,1.2,False,True,[3]
p4012r1,10,1,CLEAN_MATRIX,2,5,10,0,0.0,0,0.0,1,1.0,False,True,[5]
p4012r1,11,1,CLEAN_MATRIX,2,5,10,0,0.0,0,0.0,1,1.0,False,True,[5]
p4014r0,0,0,CLEAN_MATRIX,4,2,8,0,0.0,0,0.0,3,1.4,False,True,[2]
p4014r0,1,2,CLEAN_MATRIX,8,2,16,0,0.0,2,0.12,7,3.2,False,True,[2]
p4014r0,2,3,CLEAN_MATRIX,8,2,16,0,0.0,2,0.12,5,2.3,False,True,[2]
p4014r0,3,4,CLEAN_MATRIX,5,3,15,0,0.0,4,0.27,3,1.1,False,True,[3]
p4014r0,4,19,CLEAN_MATRIX,6,2,12,0,0.0,0,0.0,5,1.9,False,True,[2]
p4014r0,5,4,CLEAN_MATRIX,3,3,9,0,0.0,2,0.22,4,2.1,False,True,[3]
p4014r0,6,17,CLEAN_MATRIX,3,2,6,0,0.0,0,0.0,15,6.2,False,True,[2]
p4014r0,7,4,CLEAN_MATRIX,5,2,10,0,0.0,4,0.4,4,1.8,False,True,[2]
p4014r0,8,6,FALSE_POSITIVE,6,4,24,13,0.54,0,0.0,4,1.8,False,True,[4]
p4014r0,9,6,CLEAN_MATRIX,3,4,12,4,0.33,0,0.0,2,1.4,False,True,[4]
p4014r0,10,7,CLEAN_MATRIX,8,4,32,14,0.44,0,0.0,6,2.3,False,True,[4]
p4014r1,0,0,CLEAN_MATRIX,4,2,8,0,0.0,0,0.0,2,1.1,False,True,[2]
p4014r1,1,5,CLEAN_MATRIX,14,2,28,0,0.0,7,0.25,5,2.4,False,True,[2]
p4016r0,0,0,CLEAN_MATRIX,4,2,8,0,0.0,0,0.0,3,1.8,False,True,[2]
p4016r0,1,6,CLEAN_MATRIX,3,5,15,0,0.0,1,0.07,3,1.7,False,True,[5]
p4016r0,2,6,CLEAN_MATRIX,4,6,24,0,0.0,8,0.33,4,1.6,False,True,[6]
p4016r0,3,29,CLEAN_MATRIX,3,4,12,0,0.0,0,0.0,3,1.5,False,True,[4]
p4016r0,4,34,CLEAN_MATRIX,5,3,15,0,0.0,0,0.0,3,1.9,False,True,[3]
p4016r0,5,35,CLEAN_MATRIX,4,3,12,0,0.0,2,0.17,7,2.8,False,True,[3]
p4016r0,6,36,CLEAN_MATRIX,3,2,6,0,0.0,0,0.0,12,4.7,False,True,[2]
p4016r0,7,36,CLEAN_MATRIX,4,2,8,0,0.0,0,0.0,11,5.2,False,True,[2]
p4016r0,8,38,CLEAN_MATRIX,2,5,10,0,0.0,0,0.0,5,2.9,False,True,[5]
p4016r0,9,53,CLEAN_MATRIX,3,3,9,0,0.0,3,0.33,4,2.3,False,True,[3]
p4016r0,10,53,CLEAN_MATRIX,3,3,9,0,0.0,2,0.22,2,1.3,False,True,[3]
p4016r0,11,54,CLEAN_MATRIX,2,2,4,0,0.0,0,0.0,9,4.8,False,True,[2]
p4016r0,12,3,CLEAN_MATRIX,3,2,6,0,0.0,0,0.0,7,4.2,False,True,[2]
p4016r0,13,26,CLEAN_MATRIX,3,2,6,0,0.0,1,0.17,9,3.8,False,True,[2]
p4016r0,14,27,CLEAN_MATRIX,5,2,10,0,0.0,2,0.2,9,4.3,False,True,[2]
p4016r0,15,44,CLEAN_MATRIX,3,4,12,2,0.17,0,0.0,5,2.9,False,True,[4]
p4016r0,16,54,PROSE_TABLE,3,2,6,0,0.0,0,0.0,22,7.0,False,True,[2]
p4016r0,17,26,CLEAN_MATRIX,3,2,6,0,0.0,0,0.0,5,4.0,False,True,[2]
p4016r0,18,44,CLEAN_MATRIX,3,4,12,1,0.08,0,0.0,5,2.6,False,True,[4]
p4016r0,19,44,PROSE_TABLE,4,4,16,0,0.0,0,0.0,16,5.1,False,True,[4]
p4016r0,20,30,CLEAN_MATRIX,3,3,9,0,0.0,0,0.0,4,1.9,False,True,[3]
p4016r0,21,39,CLEAN_MATRIX,5,5,25,0,0.0,0,0.0,2,1.8,False,True,[5]
p4016r0,22,51,CLEAN_MATRIX,5,4,20,0,0.0,0,0.0,8,2.5,False,True,[4]
p4019r0,0,0,CLEAN_MATRIX,2,3,6,0,0.0,0,0.0,3,1.5,False,True,[3]
p4019r1,0,0,CLEAN_MATRIX,2,3,6,0,0.0,0,0.0,1,1.0,False,True,[3]
p4019r1,1,0,CLEAN_MATRIX,4,3,12,0,0.0,0,0.0,3,1.5,False,True,[3]
p4035r0,0,0,CLEAN_MATRIX,4,2,8,0,0.0,0,0.0,2,1.1,False,True,[2]
p4035r0,1,1,CLEAN_MATRIX,2,3,6,0,0.0,0,0.0,2,1.2,False,True,[3]
p4035r0,2,8,CLEAN_MATRIX,2,5,10,0,0.0,0,0.0,1,1.0,False,True,[5]
p4035r0,3,8,CLEAN_MATRIX,2,5,10,0,0.0,0,0.0,1,1.0,False,True,[5]
p4042r0,0,0,CLEAN_MATRIX,5,2,10,0,0.0,0,0.0,3,1.3,False,True,[2]
p4042r0,1,0,CLEAN_MATRIX,3,3,9,0,0.0,0,0.0,2,1.1,False,True,[3]
p4088r0,0,0,CLEAN_MATRIX,4,2,8,0,0.0,0,0.0,2,1.1,False,True,[2]
p4088r0,1,2,CLEAN_MATRIX,3,2,6,0,0.0,0,0.0,9,2.8,False,True,[2]
p4088r0,2,6,CLEAN_MATRIX,2,3,6,0,0.0,1,0.17,5,2.0,False,True,[3]
p4088r0,3,12,CLEAN_MATRIX,3,5,15,0,0.0,0,0.0,1,1.0,False,True,[5]
p4088r0,4,15,CLEAN_MATRIX,4,4,16,0,0.0,2,0.12,2,1.1,False,True,[4]
p4088r0,5,20,CLEAN_MATRIX,7,2,14,0,0.0,0,0.0,7,3.9,False,True,[2]
p4088r0,6,6,CLEAN_MATRIX,2,3,6,2,0.33,1,0.25,5,3.0,False,True,[3]
p4088r0,7,9,CODE_COMPARISON,8,2,16,0,0.0,14,0.88,4,1.9,False,True,[2]
p4089r0,0,0,CLEAN_MATRIX,4,2,8,0,0.0,0,0.0,2,1.1,False,True,[2]
p4089r0,1,3,CLEAN_MATRIX,3,2,6,0,0.0,4,0.67,3,2.7,False,True,[2]
p4089r0,2,6,CLEAN_MATRIX,4,2,8,0,0.0,0,0.0,6,3.0,False,True,[2]
p4089r0,3,7,CLEAN_MATRIX,4,2,8,0,0.0,3,0.38,4,1.9,False,True,[2]
p4089r0,4,7,CLEAN_MATRIX,2,2,4,0,0.0,0,0.0,2,1.5,False,True,[2]
p4089r0,5,7,CLEAN_MATRIX,2,2,4,0,0.0,0,0.0,6,3.0,False,True,[2]
p4089r0,6,9,CLEAN_MATRIX,5,2,10,0,0.0,0,0.0,12,5.1,False,True,[2]
p4089r0,7,10,CLEAN_MATRIX,8,4,32,0,0.0,7,0.22,6,1.7,False,True,[4]
p4089r0,8,10,CLEAN_MATRIX,7,2,14,0,0.0,0,0.0,10,3.9,False,True,[2]
p4090r0,0,0,CLEAN_MATRIX,4,2,8,0,0.0,0,0.0,2,1.1,False,True,[2]
p4090r0,1,3,CLEAN_MATRIX,6,3,18,0,0.0,3,0.17,3,1.8,False,True,[3]
p4090r0,2,3,CLEAN_MATRIX,3,2,6,0,0.0,4,0.67,2,1.3,False,True,[2]
p4090r0,3,10,CLEAN_MATRIX,2,6,12,0,0.0,0,0.0,5,2.3,False,True,[6]
p4090r0,4,12,CLEAN_MATRIX,3,2,6,0,0.0,0,0.0,6,3.7,False,True,[2]
p4090r0,5,10,CLEAN_MATRIX,3,6,18,8,0.44,0,0.0,5,1.6,False,True,[6]
p4090r0,6,11,CLEAN_MATRIX,3,4,12,3,0.25,1,0.11,5,1.6,False,True,[4]
p4090r0,7,10,CLEAN_MATRIX,3,5,15,2,0.13,0,0.0,4,2.0,False,True,[5]
p4090r0,8,11,CLEAN_MATRIX,2,6,12,3,0.25,0,0.0,3,1.4,False,True,[6]
p4091r0,0,0,CLEAN_MATRIX,4,2,8,0,0.0,0,0.0,2,1.1,False,True,[2]
p4091r0,1,3,CLEAN_MATRIX,8,3,24,0,0.0,3,0.12,3,1.9,False,True,[3]
p4091r0,2,3,CODE_COMPARISON,6,2,12,0,0.0,10,0.83,2,1.4,False,True,[2]
p4091r0,3,7,CLEAN_MATRIX,5,2,10,0,0.0,4,0.4,7,3.1,False,True,[2]
p4091r0,4,11,CLEAN_MATRIX,12,4,48,0,0.0,4,0.08,3,1.3,False,True,[4]
p4091r0,5,11,CLEAN_MATRIX,3,4,12,0,0.0,2,0.17,4,2.1,False,True,[4]
p4091r0,6,13,CLEAN_MATRIX,7,5,35,0,0.0,0,0.0,5,1.6,False,True,[5]
p4092r0,0,0,CLEAN_MATRIX,4,2,8,0,0.0,0,0.0,2,1.1,False,True,[2]
p4092r0,1,3,CLEAN_MATRIX,3,2,6,0,0.0,0,0.0,6,3.7,False,True,[2]
p4092r0,2,3,CLEAN_MATRIX,5,3,15,0,0.0,1,0.07,5,2.1,False,True,[3]
p4093r0,0,0,CLEAN_MATRIX,4,2,8,0,0.0,0,0.0,2,1.1,False,True,[2]
p4093r0,1,4,CLEAN_MATRIX,8,5,40,0,0.0,18,0.45,3,1.2,False,True,[5]
p4094r0,0,0,CLEAN_MATRIX,4,2,8,0,0.0,0,0.0,2,1.1,False,True,[2]
p4094r0,1,3,CLEAN_MATRIX,4,4,16,0,0.0,0,0.0,9,2.8,False,True,[4]
p4094r0,2,11,CLEAN_MATRIX,5,3,15,0,0.0,0,0.0,11,4.6,False,True,[3]
p4094r0,3,12,CLEAN_MATRIX,8,3,24,0,0.0,0,0.0,9,2.8,False,True,[3]
p4094r0,4,16,CLEAN_MATRIX,4,3,12,0,0.0,0,0.0,11,3.0,False,True,[3]
p4094r0,5,11,CLEAN_MATRIX,4,3,12,0,0.0,0,0.0,10,4.7,False,True,[3]
p4094r0,6,3,CLEAN_MATRIX,3,3,9,2,0.22,0,0.0,6,2.3,False,True,[3]
p4094r0,7,8,CLEAN_MATRIX,7,3,21,6,0.29,0,0.0,11,4.6,False,True,[3]
p4094r0,8,8,CLEAN_MATRIX,5,3,15,5,0.33,0,0.0,11,6.3,False,True,[3]
p4094r0,9,8,CLEAN_MATRIX,6,3,18,6,0.33,0,0.0,11,5.2,False,True,[3]
p4094r0,10,8,CLEAN_MATRIX,5,3,15,5,0.33,0,0.0,11,5.2,False,True,[3]
p4094r0,11,8,CLEAN_MATRIX,6,3,18,6,0.33,0,0.0,10,4.4,False,True,[3]
p4094r0,12,8,CLEAN_MATRIX,6,3,18,4,0.22,0,0.0,10,4.3,False,True,[3]
p4094r0,13,8,CLEAN_MATRIX,2,3,6,2,0.33,0,0.0,11,5.5,False,True,[3]
p4095r0,0,0,CLEAN_MATRIX,4,2,8,0,0.0,0,0.0,2,1.2,False,True,[2]
p4095r0,1,5,CLEAN_MATRIX,7,2,14,0,0.0,0,0.0,7,2.3,False,True,[2]
p4095r0,2,7,CLEAN_MATRIX,5,3,15,0,0.0,0,0.0,15,5.1,False,True,[3]
p4095r0,3,9,CLEAN_MATRIX,5,3,15,0,0.0,1,0.07,8,3.3,False,True,[3]
p4096r0,0,0,CLEAN_MATRIX,4,2,8,0,0.0,0,0.0,2,1.2,False,True,[2]
p4096r0,1,6,CLEAN_MATRIX,4,4,16,0,0.0,0,0.0,4,2.0,False,True,[4]
p4096r0,2,10,CLEAN_MATRIX,4,3,12,0,0.0,0,0.0,7,3.4,False,True,[3]
p4096r0,3,11,CLEAN_MATRIX,2,2,4,0,0.0,1,0.25,2,1.8,False,True,[2]
p4096r0,4,9,PROSE_TABLE,5,4,20,2,0.1,0,0.0,37,7.1,False,True,[4]
p4096r0,5,10,CLEAN_MATRIX,4,3,12,1,0.08,0,0.0,10,3.8,False,True,[3]
p4096r0,6,11,CLEAN_MATRIX,3,4,12,3,0.25,1,0.11,13,3.4,False,True,[4]
p4096r0,7,11,CLEAN_MATRIX,4,3,12,3,0.25,0,0.0,5,3.2,False,True,[3]
p4097r0,0,0,CLEAN_MATRIX,4,2,8,0,0.0,0,0.0,2,1.1,False,True,[2]
p4097r0,1,5,CLEAN_MATRIX,3,2,6,0,0.0,0,0.0,4,1.8,False,True,[2]
p4097r0,2,6,CLEAN_MATRIX,3,2,6,0,0.0,0,0.0,10,7.8,False,True,[2]
p4097r0,3,7,CLEAN_MATRIX,6,3,18,0,0.0,0,0.0,10,3.7,False,True,[3]
p4097r0,4,8,CLEAN_MATRIX,5,3,15,0,0.0,0,0.0,8,3.4,False,True,[3]
p4097r0,5,8,CLEAN_MATRIX,4,3,12,1,0.08,0,0.0,9,3.7,False,True,[3]
p4098r0,0,0,CLEAN_MATRIX,4,2,8,0,0.0,0,0.0,2,1.1,False,True,[2]
p4098r0,1,4,CLEAN_MATRIX,3,3,9,1,0.11,0,0.0,8,4.2,False,True,[3]
p4098r0,2,5,PROSE_TABLE,3,3,9,1,0.11,0,0.0,22,6.5,False,True,[3]
p4098r0,3,7,PROSE_TABLE,3,2,6,0,0.0,0,0.0,29,6.8,False,True,[2]
p4098r0,4,2,CLEAN_MATRIX,5,3,15,4,0.27,0,0.0,8,4.8,False,True,[3]
p4098r0,5,2,CLEAN_MATRIX,6,3,18,6,0.33,0,0.0,8,4.1,False,True,[3]
p4098r0,6,2,CLEAN_MATRIX,7,3,21,7,0.33,0,0.0,8,4.9,False,True,[3]
p4098r0,7,2,CLEAN_MATRIX,3,3,9,3,0.33,0,0.0,9,5.0,False,True,[3]
p4098r0,8,2,CLEAN_MATRIX,5,3,15,5,0.33,0,0.0,7,4.5,False,True,[3]
p4098r0,9,2,CLEAN_MATRIX,2,3,6,2,0.33,0,0.0,7,6.2,False,True,[3]
p4098r0,10,3,CLEAN_MATRIX,8,3,24,7,0.29,0,0.0,8,3.7,False,True,[3]
p4098r0,11,3,CLEAN_MATRIX,9,3,27,9,0.33,0,0.0,8,4.4,False,True,[3]
p4098r0,12,3,CLEAN_MATRIX,3,3,9,3,0.33,0,0.0,8,4.0,False,True,[3]
p4098r0,13,4,CLEAN_MATRIX,5,3,15,4,0.27,0,0.0,8,3.9,False,True,[3]
p4098r0,14,4,CLEAN_MATRIX,2,3,6,2,0.33,0,0.0,6,4.8,False,True,[3]
p4098r0,15,5,CLEAN_MATRIX,3,3,9,2,0.22,0,0.0,7,3.6,False,True,[3]
p4098r0,16,5,CLEAN_MATRIX,3,3,9,3,0.33,0,0.0,7,5.2,False,True,[3]
p4098r0,17,6,CLEAN_MATRIX,7,3,21,6,0.29,0,0.0,9,4.5,False,True,[3]
p4098r0,18,6,CLEAN_MATRIX,3,3,9,3,0.33,0,0.0,8,5.2,False,True,[3]
p4098r0,19,6,CLEAN_MATRIX,9,3,27,9,0.33,0,0.0,7,4.6,False,True,[3]
p4098r0,20,7,CLEAN_MATRIX,4,4,16,5,0.31,0,0.0,9,4.5,False,True,[4]
p4098r0,21,7,CLEAN_MATRIX,4,4,16,5,0.31,0,0.0,7,4.8,False,True,[4]
p4099r0,0,0,CLEAN_MATRIX,4,2,8,0,0.0,0,0.0,2,1.1,False,True,[2]
p4099r0,1,2,CLEAN_MATRIX,6,5,30,0,0.0,0,0.0,14,3.8,False,True,[5]
p4099r0,2,4,CODE_COMPARISON,8,2,16,0,0.0,14,0.88,4,1.9,False,True,[2]
p4100r0,0,0,CLEAN_MATRIX,4,2,8,0,0.0,0,0.0,2,1.1,False,True,[2]
p4100r0,1,3,CLEAN_MATRIX,5,3,15,0,0.0,0,0.0,6,1.9,False,True,[3]
p4100r0,2,3,CLEAN_MATRIX,4,3,12,0,0.0,0,0.0,8,2.7,False,True,[3]
p4100r0,3,4,CLEAN_MATRIX,2,3,6,0,0.0,0,0.0,5,2.7,False,True,[3]
p4100r0,4,6,CLEAN_MATRIX,7,5,35,0,0.0,22,0.63,3,1.1,False,True,[5]
p4100r0,5,8,CLEAN_MATRIX,4,4,16,0,0.0,0,0.0,4,1.7,False,True,[4]
p4100r0,6,8,CLEAN_MATRIX,2,2,4,0,0.0,0,0.0,5,3.0,False,True,[2]
p4100r0,7,15,CLEAN_MATRIX,11,3,33,0,0.0,0,0.0,5,2.0,False,True,[3]
p4100r0,8,16,CLEAN_MATRIX,6,3,18,0,0.0,0,0.0,2,1.7,False,True,[3]
p4100r0,9,16,CLEAN_MATRIX,5,3,15,0,0.0,0,0.0,2,1.7,False,True,[3]
p4100r0,10,16,CLEAN_MATRIX,5,3,15,0,0.0,0,0.0,4,1.8,False,True,[3]
p4100r0,11,2,CLEAN_MATRIX,3,3,9,1,0.11,0,0.0,10,3.9,False,True,[3]
p4100r0,12,4,CLEAN_MATRIX,3,3,9,1,0.11,0,0.0,11,5.1,False,True,[3]
p4100r0,13,6,CODE_COMPARISON,2,4,8,3,0.38,4,0.8,1,1.0,False,True,[4]
p4100r0,14,8,CLEAN_MATRIX,5,3,15,0,0.0,0,0.0,7,2.5,False,True,[3]
p4100r0,15,9,CLEAN_MATRIX,8,3,24,0,0.0,0,0.0,5,1.6,False,True,[3]
p4125r0,0,0,CLEAN_MATRIX,4,2,8,0,0.0,0,0.0,2,1.2,False,True,[2]
p4126r0,0,0,CLEAN_MATRIX,4,2,8,0,0.0,0,0.0,3,1.4,False,True,[2]
p4126r0,1,6,CLEAN_MATRIX,24,3,72,17,0.24,0,0.0,9,2.6,False,True,[3]
p4126r0,2,6,CLEAN_MATRIX,3,3,9,3,0.33,0,0.0,6,2.8,False,True,[3]
p4137r0,0,0,CLEAN_MATRIX,5,2,10,0,0.0,0,0.0,3,1.5,False,True,[2]
p4137r0,1,3,CLEAN_MATRIX,9,2,18,0,0.0,2,0.11,8,3.7,False,True,[2]
p4137r0,2,4,CLEAN_MATRIX,4,3,12,0,0.0,0,0.0,1,1.0,False,True,[3]
p4137r0,3,7,CLEAN_MATRIX,6,2,12,0,0.0,5,0.42,4,2.1,False,True,[2]
p4148r0,0,7,CLEAN_MATRIX,2,2,4,0,0.0,1,0.25,3,1.8,False,True,[2]
p4151r1,0,1,CLEAN_MATRIX,2,5,10,0,0.0,0,0.0,1,1.0,False,True,[5]
p4161r0,0,0,CLEAN_MATRIX,2,3,6,0,0.0,0,0.0,1,1.0,False,True,[3]
p4161r0,1,0,CLEAN_MATRIX,2,3,6,0,0.0,0,0.0,1,1.0,False,True,[3]
p4172r0,0,0,CLEAN_MATRIX,4,2,8,0,0.0,0,0.0,2,1.1,False,True,[2]
p4172r0,1,13,CLEAN_MATRIX,6,4,24,0,0.0,2,0.08,2,1.2,False,True,[4]
p4172r0,2,22,CLEAN_MATRIX,5,3,15,0,0.0,0,0.0,7,2.1,False,True,[3]
p4172r0,3,24,CLEAN_MATRIX,6,2,12,0,0.0,0,0.0,3,2.2,False,True,[2]
p4172r0,4,3,CLEAN_MATRIX,4,3,12,0,0.0,0,0.0,5,3.2,False,True,[3]
p4172r0,5,23,CLEAN_MATRIX,5,4,20,6,0.3,0,0.0,7,2.9,False,True,[4]
p4172r0,6,23,CLEAN_MATRIX,10,4,40,12,0.3,0,0.0,8,3.7,False,True,[4]
p4172r0,7,23,CLEAN_MATRIX,8,4,32,12,0.38,0,0.0,8,4.2,False,True,[4]
p4182r0,0,0,CLEAN_MATRIX,5,2,10,0,0.0,0,0.0,3,1.5,False,True,[2]
p4182r0,1,2,CLEAN_MATRIX,8,6,48,0,0.0,0,0.0,5,1.5,False,True,[6]
p4182r0,2,3,CLEAN_MATRIX,8,5,40,0,0.0,0,0.0,5,2.3,False,True,[5]
p4182r0,3,4,CLEAN_MATRIX,11,2,22,0,0.0,0,0.0,11,3.8,False,True,[2]
p4182r0,4,5,CLEAN_MATRIX,11,2,22,0,0.0,0,0.0,5,2.3,False,True,[2]
p4182r0,5,6,CLEAN_MATRIX,11,2,22,0,0.0,0,0.0,14,4.3,False,True,[2]
p4182r0,6,7,CLEAN_MATRIX,5,2,10,0,0.0,0,0.0,9,2.8,False,True,[2]
p4182r0,7,7,CLEAN_MATRIX,6,2,12,0,0.0,0,0.0,13,5.8,False,True,[2]
p4182r0,8,8,CLEAN_MATRIX,11,2,22,0,0.0,0,0.0,11,3.5,False,True,[2]
p4182r0,9,9,CLEAN_MATRIX,11,2,22,0,0.0,0,0.0,15,4.2,False,True,[2]
p4182r0,10,10,CLEAN_MATRIX,9,2,18,0,0.0,0,0.0,10,2.8,False,True,[2]
p4182r0,11,10,CLEAN_MATRIX,2,2,4,0,0.0,0,0.0,8,4.5,False,True,[2]
p4182r0,12,12,CLEAN_MATRIX,5,2,10,0,0.0,0,0.0,14,5.0,False,True,[2]
p4182r0,13,12,CLEAN_MATRIX,2,2,4,0,0.0,0,0.0,9,6.5,False,True,[2]
p4182r0,14,13,CLEAN_MATRIX,7,2,14,0,0.0,0,0.0,12,4.4,False,True,[2]
p4182r0,15,13,CLEAN_MATRIX,7,2,14,0,0.0,0,0.0,14,4.9,False,True,[2]
p4182r0,16,14,CLEAN_MATRIX,3,2,6,0,0.0,0,0.0,13,4.0,False,True,[2]
p4182r0,17,14,CLEAN_MATRIX,4,2,8,0,0.0,0,0.0,15,6.4,False,True,[2]
p4182r0,18,15,CLEAN_MATRIX,5,2,10,0,0.0,0,0.0,10,3.9,False,True,[2]
p4182r0,19,15,CLEAN_MATRIX,2,2,4,0,0.0,0,0.0,5,4.2,False,True,[2]
p4182r0,20,16,CLEAN_MATRIX,7,2,14,0,0.0,0,0.0,13,4.5,False,True,[2]
p4182r0,21,11,CLEAN_MATRIX,4,6,24,4,0.17,0,0.0,3,1.6,False,True,[6]
p4182r0,22,11,CLEAN_MATRIX,7,6,42,11,0.26,1,0.03,5,1.9,False,True,[6]
p4188r0,0,0,CLEAN_MATRIX,3,3,9,0,0.0,0,0.0,4,1.4,False,True,[3]
